poki_id,name,height,url,poki_img
1,bulbasaur,7,https://pokeapi.co/api/v2/pokemon-form/1/,C:\Users\Demmi\Desktop\pokimon\poki_img\1.png
2,ivysaur,10,https://pokeapi.co/api/v2/pokemon-form/2/,C:\Users\Demmi\Desktop\pokimon\poki_img\2.png
3,venusaur,20,https://pokeapi.co/api/v2/pokemon-form/3/,C:\Users\Demmi\Desktop\pokimon\poki_img\3.png
4,charmander,6,https://pokeapi.co/api/v2/pokemon-form/4/,C:\Users\Demmi\Desktop\pokimon\poki_img\4.png
5,charmeleon,11,https://pokeapi.co/api/v2/pokemon-form/5/,C:\Users\Demmi\Desktop\pokimon\poki_img\5.png
6,charizard,17,https://pokeapi.co/api/v2/pokemon-form/6/,C:\Users\Demmi\Desktop\pokimon\poki_img\6.png
7,squirtle,5,https://pokeapi.co/api/v2/pokemon-form/7/,C:\Users\Demmi\Desktop\pokimon\poki_img\7.png
8,wartortle,10,https://pokeapi.co/api/v2/pokemon-form/8/,C:\Users\Demmi\Desktop\pokimon\poki_img\8.png
9,blastoise,16,https://pokeapi.co/api/v2/pokemon-form/9/,C:\Users\Demmi\Desktop\pokimon\poki_img\9.png
10,caterpie,3,https://pokeapi.co/api/v2/pokemon-form/10/,C:\Users\Demmi\Desktop\pokimon\poki_img\10.png
11,metapod,7,https://pokeapi.co/api/v2/pokemon-form/11/,C:\Users\Demmi\Desktop\pokimon\poki_img\11.png
12,butterfree,11,https://pokeapi.co/api/v2/pokemon-form/12/,C:\Users\Demmi\Desktop\pokimon\poki_img\12.png
13,weedle,3,https://pokeapi.co/api/v2/pokemon-form/13/,C:\Users\Demmi\Desktop\pokimon\poki_img\13.png
14,kakuna,6,https://pokeapi.co/api/v2/pokemon-form/14/,C:\Users\Demmi\Desktop\pokimon\poki_img\14.png
15,beedrill,10,https://pokeapi.co/api/v2/pokemon-form/15/,C:\Users\Demmi\Desktop\pokimon\poki_img\15.png
16,pidgey,3,https://pokeapi.co/api/v2/pokemon-form/16/,C:\Users\Demmi\Desktop\pokimon\poki_img\16.png
17,pidgeotto,11,https://pokeapi.co/api/v2/pokemon-form/17/,C:\Users\Demmi\Desktop\pokimon\poki_img\17.png
18,pidgeot,15,https://pokeapi.co/api/v2/pokemon-form/18/,C:\Users\Demmi\Desktop\pokimon\poki_img\18.png
19,rattata,3,https://pokeapi.co/api/v2/pokemon-form/19/,C:\Users\Demmi\Desktop\pokimon\poki_img\19.png
20,raticate,7,https://pokeapi.co/api/v2/pokemon-form/20/,C:\Users\Demmi\Desktop\pokimon\poki_img\20.png
21,spearow,3,https://pokeapi.co/api/v2/pokemon-form/21/,C:\Users\Demmi\Desktop\pokimon\poki_img\21.png
22,fearow,12,https://pokeapi.co/api/v2/pokemon-form/22/,C:\Users\Demmi\Desktop\pokimon\poki_img\22.png
23,ekans,20,https://pokeapi.co/api/v2/pokemon-form/23/,C:\Users\Demmi\Desktop\pokimon\poki_img\23.png
24,arbok,35,https://pokeapi.co/api/v2/pokemon-form/24/,C:\Users\Demmi\Desktop\pokimon\poki_img\24.png
25,pikachu,4,https://pokeapi.co/api/v2/pokemon-form/25/,C:\Users\Demmi\Desktop\pokimon\poki_img\25.png
26,raichu,8,https://pokeapi.co/api/v2/pokemon-form/26/,C:\Users\Demmi\Desktop\pokimon\poki_img\26.png
27,sandshrew,6,https://pokeapi.co/api/v2/pokemon-form/27/,C:\Users\Demmi\Desktop\pokimon\poki_img\27.png
28,sandslash,10,https://pokeapi.co/api/v2/pokemon-form/28/,C:\Users\Demmi\Desktop\pokimon\poki_img\28.png
29,nidoran-f,4,https://pokeapi.co/api/v2/pokemon-form/29/,C:\Users\Demmi\Desktop\pokimon\poki_img\29.png
30,nidorina,8,https://pokeapi.co/api/v2/pokemon-form/30/,C:\Users\Demmi\Desktop\pokimon\poki_img\30.png
31,nidoqueen,13,https://pokeapi.co/api/v2/pokemon-form/31/,C:\Users\Demmi\Desktop\pokimon\poki_img\31.png
32,nidoran-m,5,https://pokeapi.co/api/v2/pokemon-form/32/,C:\Users\Demmi\Desktop\pokimon\poki_img\32.png
33,nidorino,9,https://pokeapi.co/api/v2/pokemon-form/33/,C:\Users\Demmi\Desktop\pokimon\poki_img\33.png
34,nidoking,14,https://pokeapi.co/api/v2/pokemon-form/34/,C:\Users\Demmi\Desktop\pokimon\poki_img\34.png
35,clefairy,6,https://pokeapi.co/api/v2/pokemon-form/35/,C:\Users\Demmi\Desktop\pokimon\poki_img\35.png
36,clefable,13,https://pokeapi.co/api/v2/pokemon-form/36/,C:\Users\Demmi\Desktop\pokimon\poki_img\36.png
37,vulpix,6,https://pokeapi.co/api/v2/pokemon-form/37/,C:\Users\Demmi\Desktop\pokimon\poki_img\37.png
38,ninetales,11,https://pokeapi.co/api/v2/pokemon-form/38/,C:\Users\Demmi\Desktop\pokimon\poki_img\38.png
39,jigglypuff,5,https://pokeapi.co/api/v2/pokemon-form/39/,C:\Users\Demmi\Desktop\pokimon\poki_img\39.png
40,wigglytuff,10,https://pokeapi.co/api/v2/pokemon-form/40/,C:\Users\Demmi\Desktop\pokimon\poki_img\40.png
41,zubat,8,https://pokeapi.co/api/v2/pokemon-form/41/,C:\Users\Demmi\Desktop\pokimon\poki_img\41.png
42,golbat,16,https://pokeapi.co/api/v2/pokemon-form/42/,C:\Users\Demmi\Desktop\pokimon\poki_img\42.png
43,oddish,5,https://pokeapi.co/api/v2/pokemon-form/43/,C:\Users\Demmi\Desktop\pokimon\poki_img\43.png
44,gloom,8,https://pokeapi.co/api/v2/pokemon-form/44/,C:\Users\Demmi\Desktop\pokimon\poki_img\44.png
45,vileplume,12,https://pokeapi.co/api/v2/pokemon-form/45/,C:\Users\Demmi\Desktop\pokimon\poki_img\45.png
46,paras,3,https://pokeapi.co/api/v2/pokemon-form/46/,C:\Users\Demmi\Desktop\pokimon\poki_img\46.png
47,parasect,10,https://pokeapi.co/api/v2/pokemon-form/47/,C:\Users\Demmi\Desktop\pokimon\poki_img\47.png
48,venonat,10,https://pokeapi.co/api/v2/pokemon-form/48/,C:\Users\Demmi\Desktop\pokimon\poki_img\48.png
49,venomoth,15,https://pokeapi.co/api/v2/pokemon-form/49/,C:\Users\Demmi\Desktop\pokimon\poki_img\49.png
50,diglett,2,https://pokeapi.co/api/v2/pokemon-form/50/,C:\Users\Demmi\Desktop\pokimon\poki_img\50.png
51,dugtrio,7,https://pokeapi.co/api/v2/pokemon-form/51/,C:\Users\Demmi\Desktop\pokimon\poki_img\51.png
52,meowth,4,https://pokeapi.co/api/v2/pokemon-form/52/,C:\Users\Demmi\Desktop\pokimon\poki_img\52.png
53,persian,10,https://pokeapi.co/api/v2/pokemon-form/53/,C:\Users\Demmi\Desktop\pokimon\poki_img\53.png
54,psyduck,8,https://pokeapi.co/api/v2/pokemon-form/54/,C:\Users\Demmi\Desktop\pokimon\poki_img\54.png
55,golduck,17,https://pokeapi.co/api/v2/pokemon-form/55/,C:\Users\Demmi\Desktop\pokimon\poki_img\55.png
56,mankey,5,https://pokeapi.co/api/v2/pokemon-form/56/,C:\Users\Demmi\Desktop\pokimon\poki_img\56.png
57,primeape,10,https://pokeapi.co/api/v2/pokemon-form/57/,C:\Users\Demmi\Desktop\pokimon\poki_img\57.png
58,growlithe,7,https://pokeapi.co/api/v2/pokemon-form/58/,C:\Users\Demmi\Desktop\pokimon\poki_img\58.png
59,arcanine,19,https://pokeapi.co/api/v2/pokemon-form/59/,C:\Users\Demmi\Desktop\pokimon\poki_img\59.png
60,poliwag,6,https://pokeapi.co/api/v2/pokemon-form/60/,C:\Users\Demmi\Desktop\pokimon\poki_img\60.png
61,poliwhirl,10,https://pokeapi.co/api/v2/pokemon-form/61/,C:\Users\Demmi\Desktop\pokimon\poki_img\61.png
62,poliwrath,13,https://pokeapi.co/api/v2/pokemon-form/62/,C:\Users\Demmi\Desktop\pokimon\poki_img\62.png
63,abra,9,https://pokeapi.co/api/v2/pokemon-form/63/,C:\Users\Demmi\Desktop\pokimon\poki_img\63.png
64,kadabra,13,https://pokeapi.co/api/v2/pokemon-form/64/,C:\Users\Demmi\Desktop\pokimon\poki_img\64.png
65,alakazam,15,https://pokeapi.co/api/v2/pokemon-form/65/,C:\Users\Demmi\Desktop\pokimon\poki_img\65.png
66,machop,8,https://pokeapi.co/api/v2/pokemon-form/66/,C:\Users\Demmi\Desktop\pokimon\poki_img\66.png
67,machoke,15,https://pokeapi.co/api/v2/pokemon-form/67/,C:\Users\Demmi\Desktop\pokimon\poki_img\67.png
68,machamp,16,https://pokeapi.co/api/v2/pokemon-form/68/,C:\Users\Demmi\Desktop\pokimon\poki_img\68.png
69,bellsprout,7,https://pokeapi.co/api/v2/pokemon-form/69/,C:\Users\Demmi\Desktop\pokimon\poki_img\69.png
70,weepinbell,10,https://pokeapi.co/api/v2/pokemon-form/70/,C:\Users\Demmi\Desktop\pokimon\poki_img\70.png
71,victreebel,17,https://pokeapi.co/api/v2/pokemon-form/71/,C:\Users\Demmi\Desktop\pokimon\poki_img\71.png
72,tentacool,9,https://pokeapi.co/api/v2/pokemon-form/72/,C:\Users\Demmi\Desktop\pokimon\poki_img\72.png
73,tentacruel,16,https://pokeapi.co/api/v2/pokemon-form/73/,C:\Users\Demmi\Desktop\pokimon\poki_img\73.png
74,geodude,4,https://pokeapi.co/api/v2/pokemon-form/74/,C:\Users\Demmi\Desktop\pokimon\poki_img\74.png
75,graveler,10,https://pokeapi.co/api/v2/pokemon-form/75/,C:\Users\Demmi\Desktop\pokimon\poki_img\75.png
76,golem,14,https://pokeapi.co/api/v2/pokemon-form/76/,C:\Users\Demmi\Desktop\pokimon\poki_img\76.png
77,ponyta,10,https://pokeapi.co/api/v2/pokemon-form/77/,C:\Users\Demmi\Desktop\pokimon\poki_img\77.png
78,rapidash,17,https://pokeapi.co/api/v2/pokemon-form/78/,C:\Users\Demmi\Desktop\pokimon\poki_img\78.png
79,slowpoke,12,https://pokeapi.co/api/v2/pokemon-form/79/,C:\Users\Demmi\Desktop\pokimon\poki_img\79.png
80,slowbro,16,https://pokeapi.co/api/v2/pokemon-form/80/,C:\Users\Demmi\Desktop\pokimon\poki_img\80.png
81,magnemite,3,https://pokeapi.co/api/v2/pokemon-form/81/,C:\Users\Demmi\Desktop\pokimon\poki_img\81.png
82,magneton,10,https://pokeapi.co/api/v2/pokemon-form/82/,C:\Users\Demmi\Desktop\pokimon\poki_img\82.png
83,farfetchd,8,https://pokeapi.co/api/v2/pokemon-form/83/,C:\Users\Demmi\Desktop\pokimon\poki_img\83.png
84,doduo,14,https://pokeapi.co/api/v2/pokemon-form/84/,C:\Users\Demmi\Desktop\pokimon\poki_img\84.png
85,dodrio,18,https://pokeapi.co/api/v2/pokemon-form/85/,C:\Users\Demmi\Desktop\pokimon\poki_img\85.png
86,seel,11,https://pokeapi.co/api/v2/pokemon-form/86/,C:\Users\Demmi\Desktop\pokimon\poki_img\86.png
87,dewgong,17,https://pokeapi.co/api/v2/pokemon-form/87/,C:\Users\Demmi\Desktop\pokimon\poki_img\87.png
88,grimer,9,https://pokeapi.co/api/v2/pokemon-form/88/,C:\Users\Demmi\Desktop\pokimon\poki_img\88.png
89,muk,12,https://pokeapi.co/api/v2/pokemon-form/89/,C:\Users\Demmi\Desktop\pokimon\poki_img\89.png
90,shellder,3,https://pokeapi.co/api/v2/pokemon-form/90/,C:\Users\Demmi\Desktop\pokimon\poki_img\90.png
91,cloyster,15,https://pokeapi.co/api/v2/pokemon-form/91/,C:\Users\Demmi\Desktop\pokimon\poki_img\91.png
92,gastly,13,https://pokeapi.co/api/v2/pokemon-form/92/,C:\Users\Demmi\Desktop\pokimon\poki_img\92.png
93,haunter,16,https://pokeapi.co/api/v2/pokemon-form/93/,C:\Users\Demmi\Desktop\pokimon\poki_img\93.png
94,gengar,15,https://pokeapi.co/api/v2/pokemon-form/94/,C:\Users\Demmi\Desktop\pokimon\poki_img\94.png
95,onix,88,https://pokeapi.co/api/v2/pokemon-form/95/,C:\Users\Demmi\Desktop\pokimon\poki_img\95.png
96,drowzee,10,https://pokeapi.co/api/v2/pokemon-form/96/,C:\Users\Demmi\Desktop\pokimon\poki_img\96.png
97,hypno,16,https://pokeapi.co/api/v2/pokemon-form/97/,C:\Users\Demmi\Desktop\pokimon\poki_img\97.png
98,krabby,4,https://pokeapi.co/api/v2/pokemon-form/98/,C:\Users\Demmi\Desktop\pokimon\poki_img\98.png
99,kingler,13,https://pokeapi.co/api/v2/pokemon-form/99/,C:\Users\Demmi\Desktop\pokimon\poki_img\99.png
100,voltorb,5,https://pokeapi.co/api/v2/pokemon-form/100/,C:\Users\Demmi\Desktop\pokimon\poki_img\100.png
101,electrode,12,https://pokeapi.co/api/v2/pokemon-form/101/,C:\Users\Demmi\Desktop\pokimon\poki_img\101.png
102,exeggcute,4,https://pokeapi.co/api/v2/pokemon-form/102/,C:\Users\Demmi\Desktop\pokimon\poki_img\102.png
103,exeggutor,20,https://pokeapi.co/api/v2/pokemon-form/103/,C:\Users\Demmi\Desktop\pokimon\poki_img\103.png
104,cubone,4,https://pokeapi.co/api/v2/pokemon-form/104/,C:\Users\Demmi\Desktop\pokimon\poki_img\104.png
105,marowak,10,https://pokeapi.co/api/v2/pokemon-form/105/,C:\Users\Demmi\Desktop\pokimon\poki_img\105.png
106,hitmonlee,15,https://pokeapi.co/api/v2/pokemon-form/106/,C:\Users\Demmi\Desktop\pokimon\poki_img\106.png
107,hitmonchan,14,https://pokeapi.co/api/v2/pokemon-form/107/,C:\Users\Demmi\Desktop\pokimon\poki_img\107.png
108,lickitung,12,https://pokeapi.co/api/v2/pokemon-form/108/,C:\Users\Demmi\Desktop\pokimon\poki_img\108.png
109,koffing,6,https://pokeapi.co/api/v2/pokemon-form/109/,C:\Users\Demmi\Desktop\pokimon\poki_img\109.png
110,weezing,12,https://pokeapi.co/api/v2/pokemon-form/110/,C:\Users\Demmi\Desktop\pokimon\poki_img\110.png
111,rhyhorn,10,https://pokeapi.co/api/v2/pokemon-form/111/,C:\Users\Demmi\Desktop\pokimon\poki_img\111.png
112,rhydon,19,https://pokeapi.co/api/v2/pokemon-form/112/,C:\Users\Demmi\Desktop\pokimon\poki_img\112.png
113,chansey,11,https://pokeapi.co/api/v2/pokemon-form/113/,C:\Users\Demmi\Desktop\pokimon\poki_img\113.png
114,tangela,10,https://pokeapi.co/api/v2/pokemon-form/114/,C:\Users\Demmi\Desktop\pokimon\poki_img\114.png
115,kangaskhan,22,https://pokeapi.co/api/v2/pokemon-form/115/,C:\Users\Demmi\Desktop\pokimon\poki_img\115.png
116,horsea,4,https://pokeapi.co/api/v2/pokemon-form/116/,C:\Users\Demmi\Desktop\pokimon\poki_img\116.png
117,seadra,12,https://pokeapi.co/api/v2/pokemon-form/117/,C:\Users\Demmi\Desktop\pokimon\poki_img\117.png
118,goldeen,6,https://pokeapi.co/api/v2/pokemon-form/118/,C:\Users\Demmi\Desktop\pokimon\poki_img\118.png
119,seaking,13,https://pokeapi.co/api/v2/pokemon-form/119/,C:\Users\Demmi\Desktop\pokimon\poki_img\119.png
120,staryu,8,https://pokeapi.co/api/v2/pokemon-form/120/,C:\Users\Demmi\Desktop\pokimon\poki_img\120.png
121,starmie,11,https://pokeapi.co/api/v2/pokemon-form/121/,C:\Users\Demmi\Desktop\pokimon\poki_img\121.png
122,mr-mime,13,https://pokeapi.co/api/v2/pokemon-form/122/,C:\Users\Demmi\Desktop\pokimon\poki_img\122.png
123,scyther,15,https://pokeapi.co/api/v2/pokemon-form/123/,C:\Users\Demmi\Desktop\pokimon\poki_img\123.png
124,jynx,14,https://pokeapi.co/api/v2/pokemon-form/124/,C:\Users\Demmi\Desktop\pokimon\poki_img\124.png
125,electabuzz,11,https://pokeapi.co/api/v2/pokemon-form/125/,C:\Users\Demmi\Desktop\pokimon\poki_img\125.png
126,magmar,13,https://pokeapi.co/api/v2/pokemon-form/126/,C:\Users\Demmi\Desktop\pokimon\poki_img\126.png
127,pinsir,15,https://pokeapi.co/api/v2/pokemon-form/127/,C:\Users\Demmi\Desktop\pokimon\poki_img\127.png
128,tauros,14,https://pokeapi.co/api/v2/pokemon-form/128/,C:\Users\Demmi\Desktop\pokimon\poki_img\128.png
129,magikarp,9,https://pokeapi.co/api/v2/pokemon-form/129/,C:\Users\Demmi\Desktop\pokimon\poki_img\129.png
130,gyarados,65,https://pokeapi.co/api/v2/pokemon-form/130/,C:\Users\Demmi\Desktop\pokimon\poki_img\130.png
131,lapras,25,https://pokeapi.co/api/v2/pokemon-form/131/,C:\Users\Demmi\Desktop\pokimon\poki_img\131.png
132,ditto,3,https://pokeapi.co/api/v2/pokemon-form/132/,C:\Users\Demmi\Desktop\pokimon\poki_img\132.png
133,eevee,3,https://pokeapi.co/api/v2/pokemon-form/133/,C:\Users\Demmi\Desktop\pokimon\poki_img\133.png
134,vaporeon,10,https://pokeapi.co/api/v2/pokemon-form/134/,C:\Users\Demmi\Desktop\pokimon\poki_img\134.png
135,jolteon,8,https://pokeapi.co/api/v2/pokemon-form/135/,C:\Users\Demmi\Desktop\pokimon\poki_img\135.png
136,flareon,9,https://pokeapi.co/api/v2/pokemon-form/136/,C:\Users\Demmi\Desktop\pokimon\poki_img\136.png
137,porygon,8,https://pokeapi.co/api/v2/pokemon-form/137/,C:\Users\Demmi\Desktop\pokimon\poki_img\137.png
138,omanyte,4,https://pokeapi.co/api/v2/pokemon-form/138/,C:\Users\Demmi\Desktop\pokimon\poki_img\138.png
139,omastar,10,https://pokeapi.co/api/v2/pokemon-form/139/,C:\Users\Demmi\Desktop\pokimon\poki_img\139.png
140,kabuto,5,https://pokeapi.co/api/v2/pokemon-form/140/,C:\Users\Demmi\Desktop\pokimon\poki_img\140.png
141,kabutops,13,https://pokeapi.co/api/v2/pokemon-form/141/,C:\Users\Demmi\Desktop\pokimon\poki_img\141.png
142,aerodactyl,18,https://pokeapi.co/api/v2/pokemon-form/142/,C:\Users\Demmi\Desktop\pokimon\poki_img\142.png
143,snorlax,21,https://pokeapi.co/api/v2/pokemon-form/143/,C:\Users\Demmi\Desktop\pokimon\poki_img\143.png
144,articuno,17,https://pokeapi.co/api/v2/pokemon-form/144/,C:\Users\Demmi\Desktop\pokimon\poki_img\144.png
145,zapdos,16,https://pokeapi.co/api/v2/pokemon-form/145/,C:\Users\Demmi\Desktop\pokimon\poki_img\145.png
146,moltres,20,https://pokeapi.co/api/v2/pokemon-form/146/,C:\Users\Demmi\Desktop\pokimon\poki_img\146.png
147,dratini,18,https://pokeapi.co/api/v2/pokemon-form/147/,C:\Users\Demmi\Desktop\pokimon\poki_img\147.png
148,dragonair,40,https://pokeapi.co/api/v2/pokemon-form/148/,C:\Users\Demmi\Desktop\pokimon\poki_img\148.png
149,dragonite,22,https://pokeapi.co/api/v2/pokemon-form/149/,C:\Users\Demmi\Desktop\pokimon\poki_img\149.png
150,mewtwo,20,https://pokeapi.co/api/v2/pokemon-form/150/,C:\Users\Demmi\Desktop\pokimon\poki_img\150.png
151,mew,4,https://pokeapi.co/api/v2/pokemon-form/151/,C:\Users\Demmi\Desktop\pokimon\poki_img\151.png
152,chikorita,9,https://pokeapi.co/api/v2/pokemon-form/152/,C:\Users\Demmi\Desktop\pokimon\poki_img\152.png
153,bayleef,12,https://pokeapi.co/api/v2/pokemon-form/153/,C:\Users\Demmi\Desktop\pokimon\poki_img\153.png
154,meganium,18,https://pokeapi.co/api/v2/pokemon-form/154/,C:\Users\Demmi\Desktop\pokimon\poki_img\154.png
155,cyndaquil,5,https://pokeapi.co/api/v2/pokemon-form/155/,C:\Users\Demmi\Desktop\pokimon\poki_img\155.png
156,quilava,9,https://pokeapi.co/api/v2/pokemon-form/156/,C:\Users\Demmi\Desktop\pokimon\poki_img\156.png
157,typhlosion,17,https://pokeapi.co/api/v2/pokemon-form/157/,C:\Users\Demmi\Desktop\pokimon\poki_img\157.png
158,totodile,6,https://pokeapi.co/api/v2/pokemon-form/158/,C:\Users\Demmi\Desktop\pokimon\poki_img\158.png
159,croconaw,11,https://pokeapi.co/api/v2/pokemon-form/159/,C:\Users\Demmi\Desktop\pokimon\poki_img\159.png
160,feraligatr,23,https://pokeapi.co/api/v2/pokemon-form/160/,C:\Users\Demmi\Desktop\pokimon\poki_img\160.png
161,sentret,8,https://pokeapi.co/api/v2/pokemon-form/161/,C:\Users\Demmi\Desktop\pokimon\poki_img\161.png
162,furret,18,https://pokeapi.co/api/v2/pokemon-form/162/,C:\Users\Demmi\Desktop\pokimon\poki_img\162.png
163,hoothoot,7,https://pokeapi.co/api/v2/pokemon-form/163/,C:\Users\Demmi\Desktop\pokimon\poki_img\163.png
164,noctowl,16,https://pokeapi.co/api/v2/pokemon-form/164/,C:\Users\Demmi\Desktop\pokimon\poki_img\164.png
165,ledyba,10,https://pokeapi.co/api/v2/pokemon-form/165/,C:\Users\Demmi\Desktop\pokimon\poki_img\165.png
166,ledian,14,https://pokeapi.co/api/v2/pokemon-form/166/,C:\Users\Demmi\Desktop\pokimon\poki_img\166.png
167,spinarak,5,https://pokeapi.co/api/v2/pokemon-form/167/,C:\Users\Demmi\Desktop\pokimon\poki_img\167.png
168,ariados,11,https://pokeapi.co/api/v2/pokemon-form/168/,C:\Users\Demmi\Desktop\pokimon\poki_img\168.png
169,crobat,18,https://pokeapi.co/api/v2/pokemon-form/169/,C:\Users\Demmi\Desktop\pokimon\poki_img\169.png
170,chinchou,5,https://pokeapi.co/api/v2/pokemon-form/170/,C:\Users\Demmi\Desktop\pokimon\poki_img\170.png
171,lanturn,12,https://pokeapi.co/api/v2/pokemon-form/171/,C:\Users\Demmi\Desktop\pokimon\poki_img\171.png
172,pichu,3,https://pokeapi.co/api/v2/pokemon-form/172/,C:\Users\Demmi\Desktop\pokimon\poki_img\172.png
173,cleffa,3,https://pokeapi.co/api/v2/pokemon-form/173/,C:\Users\Demmi\Desktop\pokimon\poki_img\173.png
174,igglybuff,3,https://pokeapi.co/api/v2/pokemon-form/174/,C:\Users\Demmi\Desktop\pokimon\poki_img\174.png
175,togepi,3,https://pokeapi.co/api/v2/pokemon-form/175/,C:\Users\Demmi\Desktop\pokimon\poki_img\175.png
176,togetic,6,https://pokeapi.co/api/v2/pokemon-form/176/,C:\Users\Demmi\Desktop\pokimon\poki_img\176.png
177,natu,2,https://pokeapi.co/api/v2/pokemon-form/177/,C:\Users\Demmi\Desktop\pokimon\poki_img\177.png
178,xatu,15,https://pokeapi.co/api/v2/pokemon-form/178/,C:\Users\Demmi\Desktop\pokimon\poki_img\178.png
179,mareep,6,https://pokeapi.co/api/v2/pokemon-form/179/,C:\Users\Demmi\Desktop\pokimon\poki_img\179.png
180,flaaffy,8,https://pokeapi.co/api/v2/pokemon-form/180/,C:\Users\Demmi\Desktop\pokimon\poki_img\180.png
181,ampharos,14,https://pokeapi.co/api/v2/pokemon-form/181/,C:\Users\Demmi\Desktop\pokimon\poki_img\181.png
182,bellossom,4,https://pokeapi.co/api/v2/pokemon-form/182/,C:\Users\Demmi\Desktop\pokimon\poki_img\182.png
183,marill,4,https://pokeapi.co/api/v2/pokemon-form/183/,C:\Users\Demmi\Desktop\pokimon\poki_img\183.png
184,azumarill,8,https://pokeapi.co/api/v2/pokemon-form/184/,C:\Users\Demmi\Desktop\pokimon\poki_img\184.png
185,sudowoodo,12,https://pokeapi.co/api/v2/pokemon-form/185/,C:\Users\Demmi\Desktop\pokimon\poki_img\185.png
186,politoed,11,https://pokeapi.co/api/v2/pokemon-form/186/,C:\Users\Demmi\Desktop\pokimon\poki_img\186.png
187,hoppip,4,https://pokeapi.co/api/v2/pokemon-form/187/,C:\Users\Demmi\Desktop\pokimon\poki_img\187.png
188,skiploom,6,https://pokeapi.co/api/v2/pokemon-form/188/,C:\Users\Demmi\Desktop\pokimon\poki_img\188.png
189,jumpluff,8,https://pokeapi.co/api/v2/pokemon-form/189/,C:\Users\Demmi\Desktop\pokimon\poki_img\189.png
190,aipom,8,https://pokeapi.co/api/v2/pokemon-form/190/,C:\Users\Demmi\Desktop\pokimon\poki_img\190.png
191,sunkern,3,https://pokeapi.co/api/v2/pokemon-form/191/,C:\Users\Demmi\Desktop\pokimon\poki_img\191.png
192,sunflora,8,https://pokeapi.co/api/v2/pokemon-form/192/,C:\Users\Demmi\Desktop\pokimon\poki_img\192.png
193,yanma,12,https://pokeapi.co/api/v2/pokemon-form/193/,C:\Users\Demmi\Desktop\pokimon\poki_img\193.png
194,wooper,4,https://pokeapi.co/api/v2/pokemon-form/194/,C:\Users\Demmi\Desktop\pokimon\poki_img\194.png
195,quagsire,14,https://pokeapi.co/api/v2/pokemon-form/195/,C:\Users\Demmi\Desktop\pokimon\poki_img\195.png
196,espeon,9,https://pokeapi.co/api/v2/pokemon-form/196/,C:\Users\Demmi\Desktop\pokimon\poki_img\196.png
197,umbreon,10,https://pokeapi.co/api/v2/pokemon-form/197/,C:\Users\Demmi\Desktop\pokimon\poki_img\197.png
198,murkrow,5,https://pokeapi.co/api/v2/pokemon-form/198/,C:\Users\Demmi\Desktop\pokimon\poki_img\198.png
199,slowking,20,https://pokeapi.co/api/v2/pokemon-form/199/,C:\Users\Demmi\Desktop\pokimon\poki_img\199.png
200,misdreavus,7,https://pokeapi.co/api/v2/pokemon-form/200/,C:\Users\Demmi\Desktop\pokimon\poki_img\200.png
201,unown-a,5,https://pokeapi.co/api/v2/pokemon-form/201/,C:\Users\Demmi\Desktop\pokimon\poki_img\201.png
202,wobbuffet,13,https://pokeapi.co/api/v2/pokemon-form/202/,C:\Users\Demmi\Desktop\pokimon\poki_img\202.png
203,girafarig,15,https://pokeapi.co/api/v2/pokemon-form/203/,C:\Users\Demmi\Desktop\pokimon\poki_img\203.png
204,pineco,6,https://pokeapi.co/api/v2/pokemon-form/204/,C:\Users\Demmi\Desktop\pokimon\poki_img\204.png
205,forretress,12,https://pokeapi.co/api/v2/pokemon-form/205/,C:\Users\Demmi\Desktop\pokimon\poki_img\205.png
206,dunsparce,15,https://pokeapi.co/api/v2/pokemon-form/206/,C:\Users\Demmi\Desktop\pokimon\poki_img\206.png
207,gligar,11,https://pokeapi.co/api/v2/pokemon-form/207/,C:\Users\Demmi\Desktop\pokimon\poki_img\207.png
208,steelix,92,https://pokeapi.co/api/v2/pokemon-form/208/,C:\Users\Demmi\Desktop\pokimon\poki_img\208.png
209,snubbull,6,https://pokeapi.co/api/v2/pokemon-form/209/,C:\Users\Demmi\Desktop\pokimon\poki_img\209.png
210,granbull,14,https://pokeapi.co/api/v2/pokemon-form/210/,C:\Users\Demmi\Desktop\pokimon\poki_img\210.png
211,qwilfish,5,https://pokeapi.co/api/v2/pokemon-form/211/,C:\Users\Demmi\Desktop\pokimon\poki_img\211.png
212,scizor,18,https://pokeapi.co/api/v2/pokemon-form/212/,C:\Users\Demmi\Desktop\pokimon\poki_img\212.png
213,shuckle,6,https://pokeapi.co/api/v2/pokemon-form/213/,C:\Users\Demmi\Desktop\pokimon\poki_img\213.png
214,heracross,15,https://pokeapi.co/api/v2/pokemon-form/214/,C:\Users\Demmi\Desktop\pokimon\poki_img\214.png
215,sneasel,9,https://pokeapi.co/api/v2/pokemon-form/215/,C:\Users\Demmi\Desktop\pokimon\poki_img\215.png
216,teddiursa,6,https://pokeapi.co/api/v2/pokemon-form/216/,C:\Users\Demmi\Desktop\pokimon\poki_img\216.png
217,ursaring,18,https://pokeapi.co/api/v2/pokemon-form/217/,C:\Users\Demmi\Desktop\pokimon\poki_img\217.png
218,slugma,7,https://pokeapi.co/api/v2/pokemon-form/218/,C:\Users\Demmi\Desktop\pokimon\poki_img\218.png
219,magcargo,8,https://pokeapi.co/api/v2/pokemon-form/219/,C:\Users\Demmi\Desktop\pokimon\poki_img\219.png
220,swinub,4,https://pokeapi.co/api/v2/pokemon-form/220/,C:\Users\Demmi\Desktop\pokimon\poki_img\220.png
221,piloswine,11,https://pokeapi.co/api/v2/pokemon-form/221/,C:\Users\Demmi\Desktop\pokimon\poki_img\221.png
222,corsola,6,https://pokeapi.co/api/v2/pokemon-form/222/,C:\Users\Demmi\Desktop\pokimon\poki_img\222.png
223,remoraid,6,https://pokeapi.co/api/v2/pokemon-form/223/,C:\Users\Demmi\Desktop\pokimon\poki_img\223.png
224,octillery,9,https://pokeapi.co/api/v2/pokemon-form/224/,C:\Users\Demmi\Desktop\pokimon\poki_img\224.png
225,delibird,9,https://pokeapi.co/api/v2/pokemon-form/225/,C:\Users\Demmi\Desktop\pokimon\poki_img\225.png
226,mantine,21,https://pokeapi.co/api/v2/pokemon-form/226/,C:\Users\Demmi\Desktop\pokimon\poki_img\226.png
227,skarmory,17,https://pokeapi.co/api/v2/pokemon-form/227/,C:\Users\Demmi\Desktop\pokimon\poki_img\227.png
228,houndour,6,https://pokeapi.co/api/v2/pokemon-form/228/,C:\Users\Demmi\Desktop\pokimon\poki_img\228.png
229,houndoom,14,https://pokeapi.co/api/v2/pokemon-form/229/,C:\Users\Demmi\Desktop\pokimon\poki_img\229.png
230,kingdra,18,https://pokeapi.co/api/v2/pokemon-form/230/,C:\Users\Demmi\Desktop\pokimon\poki_img\230.png
231,phanpy,5,https://pokeapi.co/api/v2/pokemon-form/231/,C:\Users\Demmi\Desktop\pokimon\poki_img\231.png
232,donphan,11,https://pokeapi.co/api/v2/pokemon-form/232/,C:\Users\Demmi\Desktop\pokimon\poki_img\232.png
233,porygon2,6,https://pokeapi.co/api/v2/pokemon-form/233/,C:\Users\Demmi\Desktop\pokimon\poki_img\233.png
234,stantler,14,https://pokeapi.co/api/v2/pokemon-form/234/,C:\Users\Demmi\Desktop\pokimon\poki_img\234.png
235,smeargle,12,https://pokeapi.co/api/v2/pokemon-form/235/,C:\Users\Demmi\Desktop\pokimon\poki_img\235.png
236,tyrogue,7,https://pokeapi.co/api/v2/pokemon-form/236/,C:\Users\Demmi\Desktop\pokimon\poki_img\236.png
237,hitmontop,14,https://pokeapi.co/api/v2/pokemon-form/237/,C:\Users\Demmi\Desktop\pokimon\poki_img\237.png
238,smoochum,4,https://pokeapi.co/api/v2/pokemon-form/238/,C:\Users\Demmi\Desktop\pokimon\poki_img\238.png
239,elekid,6,https://pokeapi.co/api/v2/pokemon-form/239/,C:\Users\Demmi\Desktop\pokimon\poki_img\239.png
240,magby,7,https://pokeapi.co/api/v2/pokemon-form/240/,C:\Users\Demmi\Desktop\pokimon\poki_img\240.png
241,miltank,12,https://pokeapi.co/api/v2/pokemon-form/241/,C:\Users\Demmi\Desktop\pokimon\poki_img\241.png
242,blissey,15,https://pokeapi.co/api/v2/pokemon-form/242/,C:\Users\Demmi\Desktop\pokimon\poki_img\242.png
243,raikou,19,https://pokeapi.co/api/v2/pokemon-form/243/,C:\Users\Demmi\Desktop\pokimon\poki_img\243.png
244,entei,21,https://pokeapi.co/api/v2/pokemon-form/244/,C:\Users\Demmi\Desktop\pokimon\poki_img\244.png
245,suicune,20,https://pokeapi.co/api/v2/pokemon-form/245/,C:\Users\Demmi\Desktop\pokimon\poki_img\245.png
246,larvitar,6,https://pokeapi.co/api/v2/pokemon-form/246/,C:\Users\Demmi\Desktop\pokimon\poki_img\246.png
247,pupitar,12,https://pokeapi.co/api/v2/pokemon-form/247/,C:\Users\Demmi\Desktop\pokimon\poki_img\247.png
248,tyranitar,20,https://pokeapi.co/api/v2/pokemon-form/248/,C:\Users\Demmi\Desktop\pokimon\poki_img\248.png
249,lugia,52,https://pokeapi.co/api/v2/pokemon-form/249/,C:\Users\Demmi\Desktop\pokimon\poki_img\249.png
250,ho-oh,38,https://pokeapi.co/api/v2/pokemon-form/250/,C:\Users\Demmi\Desktop\pokimon\poki_img\250.png
251,celebi,6,https://pokeapi.co/api/v2/pokemon-form/251/,C:\Users\Demmi\Desktop\pokimon\poki_img\251.png
252,treecko,5,https://pokeapi.co/api/v2/pokemon-form/252/,C:\Users\Demmi\Desktop\pokimon\poki_img\252.png
253,grovyle,9,https://pokeapi.co/api/v2/pokemon-form/253/,C:\Users\Demmi\Desktop\pokimon\poki_img\253.png
254,sceptile,17,https://pokeapi.co/api/v2/pokemon-form/254/,C:\Users\Demmi\Desktop\pokimon\poki_img\254.png
255,torchic,4,https://pokeapi.co/api/v2/pokemon-form/255/,C:\Users\Demmi\Desktop\pokimon\poki_img\255.png
256,combusken,9,https://pokeapi.co/api/v2/pokemon-form/256/,C:\Users\Demmi\Desktop\pokimon\poki_img\256.png
257,blaziken,19,https://pokeapi.co/api/v2/pokemon-form/257/,C:\Users\Demmi\Desktop\pokimon\poki_img\257.png
258,mudkip,4,https://pokeapi.co/api/v2/pokemon-form/258/,C:\Users\Demmi\Desktop\pokimon\poki_img\258.png
259,marshtomp,7,https://pokeapi.co/api/v2/pokemon-form/259/,C:\Users\Demmi\Desktop\pokimon\poki_img\259.png
260,swampert,15,https://pokeapi.co/api/v2/pokemon-form/260/,C:\Users\Demmi\Desktop\pokimon\poki_img\260.png
261,poochyena,5,https://pokeapi.co/api/v2/pokemon-form/261/,C:\Users\Demmi\Desktop\pokimon\poki_img\261.png
262,mightyena,10,https://pokeapi.co/api/v2/pokemon-form/262/,C:\Users\Demmi\Desktop\pokimon\poki_img\262.png
263,zigzagoon,4,https://pokeapi.co/api/v2/pokemon-form/263/,C:\Users\Demmi\Desktop\pokimon\poki_img\263.png
264,linoone,5,https://pokeapi.co/api/v2/pokemon-form/264/,C:\Users\Demmi\Desktop\pokimon\poki_img\264.png
265,wurmple,3,https://pokeapi.co/api/v2/pokemon-form/265/,C:\Users\Demmi\Desktop\pokimon\poki_img\265.png
266,silcoon,6,https://pokeapi.co/api/v2/pokemon-form/266/,C:\Users\Demmi\Desktop\pokimon\poki_img\266.png
267,beautifly,10,https://pokeapi.co/api/v2/pokemon-form/267/,C:\Users\Demmi\Desktop\pokimon\poki_img\267.png
268,cascoon,7,https://pokeapi.co/api/v2/pokemon-form/268/,C:\Users\Demmi\Desktop\pokimon\poki_img\268.png
269,dustox,12,https://pokeapi.co/api/v2/pokemon-form/269/,C:\Users\Demmi\Desktop\pokimon\poki_img\269.png
270,lotad,5,https://pokeapi.co/api/v2/pokemon-form/270/,C:\Users\Demmi\Desktop\pokimon\poki_img\270.png
271,lombre,12,https://pokeapi.co/api/v2/pokemon-form/271/,C:\Users\Demmi\Desktop\pokimon\poki_img\271.png
272,ludicolo,15,https://pokeapi.co/api/v2/pokemon-form/272/,C:\Users\Demmi\Desktop\pokimon\poki_img\272.png
273,seedot,5,https://pokeapi.co/api/v2/pokemon-form/273/,C:\Users\Demmi\Desktop\pokimon\poki_img\273.png
274,nuzleaf,10,https://pokeapi.co/api/v2/pokemon-form/274/,C:\Users\Demmi\Desktop\pokimon\poki_img\274.png
275,shiftry,13,https://pokeapi.co/api/v2/pokemon-form/275/,C:\Users\Demmi\Desktop\pokimon\poki_img\275.png
276,taillow,3,https://pokeapi.co/api/v2/pokemon-form/276/,C:\Users\Demmi\Desktop\pokimon\poki_img\276.png
277,swellow,7,https://pokeapi.co/api/v2/pokemon-form/277/,C:\Users\Demmi\Desktop\pokimon\poki_img\277.png
278,wingull,6,https://pokeapi.co/api/v2/pokemon-form/278/,C:\Users\Demmi\Desktop\pokimon\poki_img\278.png
279,pelipper,12,https://pokeapi.co/api/v2/pokemon-form/279/,C:\Users\Demmi\Desktop\pokimon\poki_img\279.png
280,ralts,4,https://pokeapi.co/api/v2/pokemon-form/280/,C:\Users\Demmi\Desktop\pokimon\poki_img\280.png
281,kirlia,8,https://pokeapi.co/api/v2/pokemon-form/281/,C:\Users\Demmi\Desktop\pokimon\poki_img\281.png
282,gardevoir,16,https://pokeapi.co/api/v2/pokemon-form/282/,C:\Users\Demmi\Desktop\pokimon\poki_img\282.png
283,surskit,5,https://pokeapi.co/api/v2/pokemon-form/283/,C:\Users\Demmi\Desktop\pokimon\poki_img\283.png
284,masquerain,8,https://pokeapi.co/api/v2/pokemon-form/284/,C:\Users\Demmi\Desktop\pokimon\poki_img\284.png
285,shroomish,4,https://pokeapi.co/api/v2/pokemon-form/285/,C:\Users\Demmi\Desktop\pokimon\poki_img\285.png
286,breloom,12,https://pokeapi.co/api/v2/pokemon-form/286/,C:\Users\Demmi\Desktop\pokimon\poki_img\286.png
287,slakoth,8,https://pokeapi.co/api/v2/pokemon-form/287/,C:\Users\Demmi\Desktop\pokimon\poki_img\287.png
288,vigoroth,14,https://pokeapi.co/api/v2/pokemon-form/288/,C:\Users\Demmi\Desktop\pokimon\poki_img\288.png
289,slaking,20,https://pokeapi.co/api/v2/pokemon-form/289/,C:\Users\Demmi\Desktop\pokimon\poki_img\289.png
290,nincada,5,https://pokeapi.co/api/v2/pokemon-form/290/,C:\Users\Demmi\Desktop\pokimon\poki_img\290.png
291,ninjask,8,https://pokeapi.co/api/v2/pokemon-form/291/,C:\Users\Demmi\Desktop\pokimon\poki_img\291.png
292,shedinja,8,https://pokeapi.co/api/v2/pokemon-form/292/,C:\Users\Demmi\Desktop\pokimon\poki_img\292.png
293,whismur,6,https://pokeapi.co/api/v2/pokemon-form/293/,C:\Users\Demmi\Desktop\pokimon\poki_img\293.png
294,loudred,10,https://pokeapi.co/api/v2/pokemon-form/294/,C:\Users\Demmi\Desktop\pokimon\poki_img\294.png
295,exploud,15,https://pokeapi.co/api/v2/pokemon-form/295/,C:\Users\Demmi\Desktop\pokimon\poki_img\295.png
296,makuhita,10,https://pokeapi.co/api/v2/pokemon-form/296/,C:\Users\Demmi\Desktop\pokimon\poki_img\296.png
297,hariyama,23,https://pokeapi.co/api/v2/pokemon-form/297/,C:\Users\Demmi\Desktop\pokimon\poki_img\297.png
298,azurill,2,https://pokeapi.co/api/v2/pokemon-form/298/,C:\Users\Demmi\Desktop\pokimon\poki_img\298.png
299,nosepass,10,https://pokeapi.co/api/v2/pokemon-form/299/,C:\Users\Demmi\Desktop\pokimon\poki_img\299.png
300,skitty,6,https://pokeapi.co/api/v2/pokemon-form/300/,C:\Users\Demmi\Desktop\pokimon\poki_img\300.png
301,delcatty,11,https://pokeapi.co/api/v2/pokemon-form/301/,C:\Users\Demmi\Desktop\pokimon\poki_img\301.png
302,sableye,5,https://pokeapi.co/api/v2/pokemon-form/302/,C:\Users\Demmi\Desktop\pokimon\poki_img\302.png
303,mawile,6,https://pokeapi.co/api/v2/pokemon-form/303/,C:\Users\Demmi\Desktop\pokimon\poki_img\303.png
304,aron,4,https://pokeapi.co/api/v2/pokemon-form/304/,C:\Users\Demmi\Desktop\pokimon\poki_img\304.png
305,lairon,9,https://pokeapi.co/api/v2/pokemon-form/305/,C:\Users\Demmi\Desktop\pokimon\poki_img\305.png
306,aggron,21,https://pokeapi.co/api/v2/pokemon-form/306/,C:\Users\Demmi\Desktop\pokimon\poki_img\306.png
307,meditite,6,https://pokeapi.co/api/v2/pokemon-form/307/,C:\Users\Demmi\Desktop\pokimon\poki_img\307.png
308,medicham,13,https://pokeapi.co/api/v2/pokemon-form/308/,C:\Users\Demmi\Desktop\pokimon\poki_img\308.png
309,electrike,6,https://pokeapi.co/api/v2/pokemon-form/309/,C:\Users\Demmi\Desktop\pokimon\poki_img\309.png
310,manectric,15,https://pokeapi.co/api/v2/pokemon-form/310/,C:\Users\Demmi\Desktop\pokimon\poki_img\310.png
311,plusle,4,https://pokeapi.co/api/v2/pokemon-form/311/,C:\Users\Demmi\Desktop\pokimon\poki_img\311.png
312,minun,4,https://pokeapi.co/api/v2/pokemon-form/312/,C:\Users\Demmi\Desktop\pokimon\poki_img\312.png
313,volbeat,7,https://pokeapi.co/api/v2/pokemon-form/313/,C:\Users\Demmi\Desktop\pokimon\poki_img\313.png
314,illumise,6,https://pokeapi.co/api/v2/pokemon-form/314/,C:\Users\Demmi\Desktop\pokimon\poki_img\314.png
315,roselia,3,https://pokeapi.co/api/v2/pokemon-form/315/,C:\Users\Demmi\Desktop\pokimon\poki_img\315.png
316,gulpin,4,https://pokeapi.co/api/v2/pokemon-form/316/,C:\Users\Demmi\Desktop\pokimon\poki_img\316.png
317,swalot,17,https://pokeapi.co/api/v2/pokemon-form/317/,C:\Users\Demmi\Desktop\pokimon\poki_img\317.png
318,carvanha,8,https://pokeapi.co/api/v2/pokemon-form/318/,C:\Users\Demmi\Desktop\pokimon\poki_img\318.png
319,sharpedo,18,https://pokeapi.co/api/v2/pokemon-form/319/,C:\Users\Demmi\Desktop\pokimon\poki_img\319.png
320,wailmer,20,https://pokeapi.co/api/v2/pokemon-form/320/,C:\Users\Demmi\Desktop\pokimon\poki_img\320.png
321,wailord,145,https://pokeapi.co/api/v2/pokemon-form/321/,C:\Users\Demmi\Desktop\pokimon\poki_img\321.png
322,numel,7,https://pokeapi.co/api/v2/pokemon-form/322/,C:\Users\Demmi\Desktop\pokimon\poki_img\322.png
323,camerupt,19,https://pokeapi.co/api/v2/pokemon-form/323/,C:\Users\Demmi\Desktop\pokimon\poki_img\323.png
324,torkoal,5,https://pokeapi.co/api/v2/pokemon-form/324/,C:\Users\Demmi\Desktop\pokimon\poki_img\324.png
325,spoink,7,https://pokeapi.co/api/v2/pokemon-form/325/,C:\Users\Demmi\Desktop\pokimon\poki_img\325.png
326,grumpig,9,https://pokeapi.co/api/v2/pokemon-form/326/,C:\Users\Demmi\Desktop\pokimon\poki_img\326.png
327,spinda,11,https://pokeapi.co/api/v2/pokemon-form/327/,C:\Users\Demmi\Desktop\pokimon\poki_img\327.png
328,trapinch,7,https://pokeapi.co/api/v2/pokemon-form/328/,C:\Users\Demmi\Desktop\pokimon\poki_img\328.png
329,vibrava,11,https://pokeapi.co/api/v2/pokemon-form/329/,C:\Users\Demmi\Desktop\pokimon\poki_img\329.png
330,flygon,20,https://pokeapi.co/api/v2/pokemon-form/330/,C:\Users\Demmi\Desktop\pokimon\poki_img\330.png
331,cacnea,4,https://pokeapi.co/api/v2/pokemon-form/331/,C:\Users\Demmi\Desktop\pokimon\poki_img\331.png
332,cacturne,13,https://pokeapi.co/api/v2/pokemon-form/332/,C:\Users\Demmi\Desktop\pokimon\poki_img\332.png
333,swablu,4,https://pokeapi.co/api/v2/pokemon-form/333/,C:\Users\Demmi\Desktop\pokimon\poki_img\333.png
334,altaria,11,https://pokeapi.co/api/v2/pokemon-form/334/,C:\Users\Demmi\Desktop\pokimon\poki_img\334.png
335,zangoose,13,https://pokeapi.co/api/v2/pokemon-form/335/,C:\Users\Demmi\Desktop\pokimon\poki_img\335.png
336,seviper,27,https://pokeapi.co/api/v2/pokemon-form/336/,C:\Users\Demmi\Desktop\pokimon\poki_img\336.png
337,lunatone,10,https://pokeapi.co/api/v2/pokemon-form/337/,C:\Users\Demmi\Desktop\pokimon\poki_img\337.png
338,solrock,12,https://pokeapi.co/api/v2/pokemon-form/338/,C:\Users\Demmi\Desktop\pokimon\poki_img\338.png
339,barboach,4,https://pokeapi.co/api/v2/pokemon-form/339/,C:\Users\Demmi\Desktop\pokimon\poki_img\339.png
340,whiscash,9,https://pokeapi.co/api/v2/pokemon-form/340/,C:\Users\Demmi\Desktop\pokimon\poki_img\340.png
341,corphish,6,https://pokeapi.co/api/v2/pokemon-form/341/,C:\Users\Demmi\Desktop\pokimon\poki_img\341.png
342,crawdaunt,11,https://pokeapi.co/api/v2/pokemon-form/342/,C:\Users\Demmi\Desktop\pokimon\poki_img\342.png
343,baltoy,5,https://pokeapi.co/api/v2/pokemon-form/343/,C:\Users\Demmi\Desktop\pokimon\poki_img\343.png
344,claydol,15,https://pokeapi.co/api/v2/pokemon-form/344/,C:\Users\Demmi\Desktop\pokimon\poki_img\344.png
345,lileep,10,https://pokeapi.co/api/v2/pokemon-form/345/,C:\Users\Demmi\Desktop\pokimon\poki_img\345.png
346,cradily,15,https://pokeapi.co/api/v2/pokemon-form/346/,C:\Users\Demmi\Desktop\pokimon\poki_img\346.png
347,anorith,7,https://pokeapi.co/api/v2/pokemon-form/347/,C:\Users\Demmi\Desktop\pokimon\poki_img\347.png
348,armaldo,15,https://pokeapi.co/api/v2/pokemon-form/348/,C:\Users\Demmi\Desktop\pokimon\poki_img\348.png
349,feebas,6,https://pokeapi.co/api/v2/pokemon-form/349/,C:\Users\Demmi\Desktop\pokimon\poki_img\349.png
350,milotic,62,https://pokeapi.co/api/v2/pokemon-form/350/,C:\Users\Demmi\Desktop\pokimon\poki_img\350.png
351,castform,3,https://pokeapi.co/api/v2/pokemon-form/351/,C:\Users\Demmi\Desktop\pokimon\poki_img\351.png
352,kecleon,10,https://pokeapi.co/api/v2/pokemon-form/352/,C:\Users\Demmi\Desktop\pokimon\poki_img\352.png
353,shuppet,6,https://pokeapi.co/api/v2/pokemon-form/353/,C:\Users\Demmi\Desktop\pokimon\poki_img\353.png
354,banette,11,https://pokeapi.co/api/v2/pokemon-form/354/,C:\Users\Demmi\Desktop\pokimon\poki_img\354.png
355,duskull,8,https://pokeapi.co/api/v2/pokemon-form/355/,C:\Users\Demmi\Desktop\pokimon\poki_img\355.png
356,dusclops,16,https://pokeapi.co/api/v2/pokemon-form/356/,C:\Users\Demmi\Desktop\pokimon\poki_img\356.png
357,tropius,20,https://pokeapi.co/api/v2/pokemon-form/357/,C:\Users\Demmi\Desktop\pokimon\poki_img\357.png
358,chimecho,6,https://pokeapi.co/api/v2/pokemon-form/358/,C:\Users\Demmi\Desktop\pokimon\poki_img\358.png
359,absol,12,https://pokeapi.co/api/v2/pokemon-form/359/,C:\Users\Demmi\Desktop\pokimon\poki_img\359.png
360,wynaut,6,https://pokeapi.co/api/v2/pokemon-form/360/,C:\Users\Demmi\Desktop\pokimon\poki_img\360.png
361,snorunt,7,https://pokeapi.co/api/v2/pokemon-form/361/,C:\Users\Demmi\Desktop\pokimon\poki_img\361.png
362,glalie,15,https://pokeapi.co/api/v2/pokemon-form/362/,C:\Users\Demmi\Desktop\pokimon\poki_img\362.png
363,spheal,8,https://pokeapi.co/api/v2/pokemon-form/363/,C:\Users\Demmi\Desktop\pokimon\poki_img\363.png
364,sealeo,11,https://pokeapi.co/api/v2/pokemon-form/364/,C:\Users\Demmi\Desktop\pokimon\poki_img\364.png
365,walrein,14,https://pokeapi.co/api/v2/pokemon-form/365/,C:\Users\Demmi\Desktop\pokimon\poki_img\365.png
366,clamperl,4,https://pokeapi.co/api/v2/pokemon-form/366/,C:\Users\Demmi\Desktop\pokimon\poki_img\366.png
367,huntail,17,https://pokeapi.co/api/v2/pokemon-form/367/,C:\Users\Demmi\Desktop\pokimon\poki_img\367.png
368,gorebyss,18,https://pokeapi.co/api/v2/pokemon-form/368/,C:\Users\Demmi\Desktop\pokimon\poki_img\368.png
369,relicanth,10,https://pokeapi.co/api/v2/pokemon-form/369/,C:\Users\Demmi\Desktop\pokimon\poki_img\369.png
370,luvdisc,6,https://pokeapi.co/api/v2/pokemon-form/370/,C:\Users\Demmi\Desktop\pokimon\poki_img\370.png
371,bagon,6,https://pokeapi.co/api/v2/pokemon-form/371/,C:\Users\Demmi\Desktop\pokimon\poki_img\371.png
372,shelgon,11,https://pokeapi.co/api/v2/pokemon-form/372/,C:\Users\Demmi\Desktop\pokimon\poki_img\372.png
373,salamence,15,https://pokeapi.co/api/v2/pokemon-form/373/,C:\Users\Demmi\Desktop\pokimon\poki_img\373.png
374,beldum,6,https://pokeapi.co/api/v2/pokemon-form/374/,C:\Users\Demmi\Desktop\pokimon\poki_img\374.png
375,metang,12,https://pokeapi.co/api/v2/pokemon-form/375/,C:\Users\Demmi\Desktop\pokimon\poki_img\375.png
376,metagross,16,https://pokeapi.co/api/v2/pokemon-form/376/,C:\Users\Demmi\Desktop\pokimon\poki_img\376.png
377,regirock,17,https://pokeapi.co/api/v2/pokemon-form/377/,C:\Users\Demmi\Desktop\pokimon\poki_img\377.png
378,regice,18,https://pokeapi.co/api/v2/pokemon-form/378/,C:\Users\Demmi\Desktop\pokimon\poki_img\378.png
379,registeel,19,https://pokeapi.co/api/v2/pokemon-form/379/,C:\Users\Demmi\Desktop\pokimon\poki_img\379.png
380,latias,14,https://pokeapi.co/api/v2/pokemon-form/380/,C:\Users\Demmi\Desktop\pokimon\poki_img\380.png
381,latios,20,https://pokeapi.co/api/v2/pokemon-form/381/,C:\Users\Demmi\Desktop\pokimon\poki_img\381.png
382,kyogre,45,https://pokeapi.co/api/v2/pokemon-form/382/,C:\Users\Demmi\Desktop\pokimon\poki_img\382.png
383,groudon,35,https://pokeapi.co/api/v2/pokemon-form/383/,C:\Users\Demmi\Desktop\pokimon\poki_img\383.png
384,rayquaza,70,https://pokeapi.co/api/v2/pokemon-form/384/,C:\Users\Demmi\Desktop\pokimon\poki_img\384.png
385,jirachi,3,https://pokeapi.co/api/v2/pokemon-form/385/,C:\Users\Demmi\Desktop\pokimon\poki_img\385.png
386,deoxys-normal,17,https://pokeapi.co/api/v2/pokemon-form/386/,C:\Users\Demmi\Desktop\pokimon\poki_img\386.png
387,turtwig,4,https://pokeapi.co/api/v2/pokemon-form/387/,C:\Users\Demmi\Desktop\pokimon\poki_img\387.png
388,grotle,11,https://pokeapi.co/api/v2/pokemon-form/388/,C:\Users\Demmi\Desktop\pokimon\poki_img\388.png
389,torterra,22,https://pokeapi.co/api/v2/pokemon-form/389/,C:\Users\Demmi\Desktop\pokimon\poki_img\389.png
390,chimchar,5,https://pokeapi.co/api/v2/pokemon-form/390/,C:\Users\Demmi\Desktop\pokimon\poki_img\390.png
391,monferno,9,https://pokeapi.co/api/v2/pokemon-form/391/,C:\Users\Demmi\Desktop\pokimon\poki_img\391.png
392,infernape,12,https://pokeapi.co/api/v2/pokemon-form/392/,C:\Users\Demmi\Desktop\pokimon\poki_img\392.png
393,piplup,4,https://pokeapi.co/api/v2/pokemon-form/393/,C:\Users\Demmi\Desktop\pokimon\poki_img\393.png
394,prinplup,8,https://pokeapi.co/api/v2/pokemon-form/394/,C:\Users\Demmi\Desktop\pokimon\poki_img\394.png
395,empoleon,17,https://pokeapi.co/api/v2/pokemon-form/395/,C:\Users\Demmi\Desktop\pokimon\poki_img\395.png
396,starly,3,https://pokeapi.co/api/v2/pokemon-form/396/,C:\Users\Demmi\Desktop\pokimon\poki_img\396.png
397,staravia,6,https://pokeapi.co/api/v2/pokemon-form/397/,C:\Users\Demmi\Desktop\pokimon\poki_img\397.png
398,staraptor,12,https://pokeapi.co/api/v2/pokemon-form/398/,C:\Users\Demmi\Desktop\pokimon\poki_img\398.png
399,bidoof,5,https://pokeapi.co/api/v2/pokemon-form/399/,C:\Users\Demmi\Desktop\pokimon\poki_img\399.png
400,bibarel,10,https://pokeapi.co/api/v2/pokemon-form/400/,C:\Users\Demmi\Desktop\pokimon\poki_img\400.png
401,kricketot,3,https://pokeapi.co/api/v2/pokemon-form/401/,C:\Users\Demmi\Desktop\pokimon\poki_img\401.png
402,kricketune,10,https://pokeapi.co/api/v2/pokemon-form/402/,C:\Users\Demmi\Desktop\pokimon\poki_img\402.png
403,shinx,5,https://pokeapi.co/api/v2/pokemon-form/403/,C:\Users\Demmi\Desktop\pokimon\poki_img\403.png
404,luxio,9,https://pokeapi.co/api/v2/pokemon-form/404/,C:\Users\Demmi\Desktop\pokimon\poki_img\404.png
405,luxray,14,https://pokeapi.co/api/v2/pokemon-form/405/,C:\Users\Demmi\Desktop\pokimon\poki_img\405.png
406,budew,2,https://pokeapi.co/api/v2/pokemon-form/406/,C:\Users\Demmi\Desktop\pokimon\poki_img\406.png
407,roserade,9,https://pokeapi.co/api/v2/pokemon-form/407/,C:\Users\Demmi\Desktop\pokimon\poki_img\407.png
408,cranidos,9,https://pokeapi.co/api/v2/pokemon-form/408/,C:\Users\Demmi\Desktop\pokimon\poki_img\408.png
409,rampardos,16,https://pokeapi.co/api/v2/pokemon-form/409/,C:\Users\Demmi\Desktop\pokimon\poki_img\409.png
410,shieldon,5,https://pokeapi.co/api/v2/pokemon-form/410/,C:\Users\Demmi\Desktop\pokimon\poki_img\410.png
411,bastiodon,13,https://pokeapi.co/api/v2/pokemon-form/411/,C:\Users\Demmi\Desktop\pokimon\poki_img\411.png
412,burmy-plant,2,https://pokeapi.co/api/v2/pokemon-form/412/,C:\Users\Demmi\Desktop\pokimon\poki_img\412.png
413,wormadam-plant,5,https://pokeapi.co/api/v2/pokemon-form/413/,C:\Users\Demmi\Desktop\pokimon\poki_img\413.png
414,mothim-plant,9,https://pokeapi.co/api/v2/pokemon-form/414/,C:\Users\Demmi\Desktop\pokimon\poki_img\414.png
415,combee,3,https://pokeapi.co/api/v2/pokemon-form/415/,C:\Users\Demmi\Desktop\pokimon\poki_img\415.png
416,vespiquen,12,https://pokeapi.co/api/v2/pokemon-form/416/,C:\Users\Demmi\Desktop\pokimon\poki_img\416.png
417,pachirisu,4,https://pokeapi.co/api/v2/pokemon-form/417/,C:\Users\Demmi\Desktop\pokimon\poki_img\417.png
418,buizel,7,https://pokeapi.co/api/v2/pokemon-form/418/,C:\Users\Demmi\Desktop\pokimon\poki_img\418.png
419,floatzel,11,https://pokeapi.co/api/v2/pokemon-form/419/,C:\Users\Demmi\Desktop\pokimon\poki_img\419.png
420,cherubi,4,https://pokeapi.co/api/v2/pokemon-form/420/,C:\Users\Demmi\Desktop\pokimon\poki_img\420.png
421,cherrim-overcast,5,https://pokeapi.co/api/v2/pokemon-form/421/,C:\Users\Demmi\Desktop\pokimon\poki_img\421.png
422,shellos-west,3,https://pokeapi.co/api/v2/pokemon-form/422/,C:\Users\Demmi\Desktop\pokimon\poki_img\422.png
423,gastrodon-west,9,https://pokeapi.co/api/v2/pokemon-form/423/,C:\Users\Demmi\Desktop\pokimon\poki_img\423.png
424,ambipom,12,https://pokeapi.co/api/v2/pokemon-form/424/,C:\Users\Demmi\Desktop\pokimon\poki_img\424.png
425,drifloon,4,https://pokeapi.co/api/v2/pokemon-form/425/,C:\Users\Demmi\Desktop\pokimon\poki_img\425.png
426,drifblim,12,https://pokeapi.co/api/v2/pokemon-form/426/,C:\Users\Demmi\Desktop\pokimon\poki_img\426.png
427,buneary,4,https://pokeapi.co/api/v2/pokemon-form/427/,C:\Users\Demmi\Desktop\pokimon\poki_img\427.png
428,lopunny,12,https://pokeapi.co/api/v2/pokemon-form/428/,C:\Users\Demmi\Desktop\pokimon\poki_img\428.png
429,mismagius,9,https://pokeapi.co/api/v2/pokemon-form/429/,C:\Users\Demmi\Desktop\pokimon\poki_img\429.png
430,honchkrow,9,https://pokeapi.co/api/v2/pokemon-form/430/,C:\Users\Demmi\Desktop\pokimon\poki_img\430.png
431,glameow,5,https://pokeapi.co/api/v2/pokemon-form/431/,C:\Users\Demmi\Desktop\pokimon\poki_img\431.png
432,purugly,10,https://pokeapi.co/api/v2/pokemon-form/432/,C:\Users\Demmi\Desktop\pokimon\poki_img\432.png
433,chingling,2,https://pokeapi.co/api/v2/pokemon-form/433/,C:\Users\Demmi\Desktop\pokimon\poki_img\433.png
434,stunky,4,https://pokeapi.co/api/v2/pokemon-form/434/,C:\Users\Demmi\Desktop\pokimon\poki_img\434.png
435,skuntank,10,https://pokeapi.co/api/v2/pokemon-form/435/,C:\Users\Demmi\Desktop\pokimon\poki_img\435.png
436,bronzor,5,https://pokeapi.co/api/v2/pokemon-form/436/,C:\Users\Demmi\Desktop\pokimon\poki_img\436.png
437,bronzong,13,https://pokeapi.co/api/v2/pokemon-form/437/,C:\Users\Demmi\Desktop\pokimon\poki_img\437.png
438,bonsly,5,https://pokeapi.co/api/v2/pokemon-form/438/,C:\Users\Demmi\Desktop\pokimon\poki_img\438.png
439,mime-jr,6,https://pokeapi.co/api/v2/pokemon-form/439/,C:\Users\Demmi\Desktop\pokimon\poki_img\439.png
440,happiny,6,https://pokeapi.co/api/v2/pokemon-form/440/,C:\Users\Demmi\Desktop\pokimon\poki_img\440.png
441,chatot,5,https://pokeapi.co/api/v2/pokemon-form/441/,C:\Users\Demmi\Desktop\pokimon\poki_img\441.png
442,spiritomb,10,https://pokeapi.co/api/v2/pokemon-form/442/,C:\Users\Demmi\Desktop\pokimon\poki_img\442.png
443,gible,7,https://pokeapi.co/api/v2/pokemon-form/443/,C:\Users\Demmi\Desktop\pokimon\poki_img\443.png
444,gabite,14,https://pokeapi.co/api/v2/pokemon-form/444/,C:\Users\Demmi\Desktop\pokimon\poki_img\444.png
445,garchomp,19,https://pokeapi.co/api/v2/pokemon-form/445/,C:\Users\Demmi\Desktop\pokimon\poki_img\445.png
446,munchlax,6,https://pokeapi.co/api/v2/pokemon-form/446/,C:\Users\Demmi\Desktop\pokimon\poki_img\446.png
447,riolu,7,https://pokeapi.co/api/v2/pokemon-form/447/,C:\Users\Demmi\Desktop\pokimon\poki_img\447.png
448,lucario,12,https://pokeapi.co/api/v2/pokemon-form/448/,C:\Users\Demmi\Desktop\pokimon\poki_img\448.png
449,hippopotas,8,https://pokeapi.co/api/v2/pokemon-form/449/,C:\Users\Demmi\Desktop\pokimon\poki_img\449.png
450,hippowdon,20,https://pokeapi.co/api/v2/pokemon-form/450/,C:\Users\Demmi\Desktop\pokimon\poki_img\450.png
451,skorupi,8,https://pokeapi.co/api/v2/pokemon-form/451/,C:\Users\Demmi\Desktop\pokimon\poki_img\451.png
452,drapion,13,https://pokeapi.co/api/v2/pokemon-form/452/,C:\Users\Demmi\Desktop\pokimon\poki_img\452.png
453,croagunk,7,https://pokeapi.co/api/v2/pokemon-form/453/,C:\Users\Demmi\Desktop\pokimon\poki_img\453.png
454,toxicroak,13,https://pokeapi.co/api/v2/pokemon-form/454/,C:\Users\Demmi\Desktop\pokimon\poki_img\454.png
455,carnivine,14,https://pokeapi.co/api/v2/pokemon-form/455/,C:\Users\Demmi\Desktop\pokimon\poki_img\455.png
456,finneon,4,https://pokeapi.co/api/v2/pokemon-form/456/,C:\Users\Demmi\Desktop\pokimon\poki_img\456.png
457,lumineon,12,https://pokeapi.co/api/v2/pokemon-form/457/,C:\Users\Demmi\Desktop\pokimon\poki_img\457.png
458,mantyke,10,https://pokeapi.co/api/v2/pokemon-form/458/,C:\Users\Demmi\Desktop\pokimon\poki_img\458.png
459,snover,10,https://pokeapi.co/api/v2/pokemon-form/459/,C:\Users\Demmi\Desktop\pokimon\poki_img\459.png
460,abomasnow,22,https://pokeapi.co/api/v2/pokemon-form/460/,C:\Users\Demmi\Desktop\pokimon\poki_img\460.png
461,weavile,11,https://pokeapi.co/api/v2/pokemon-form/461/,C:\Users\Demmi\Desktop\pokimon\poki_img\461.png
462,magnezone,12,https://pokeapi.co/api/v2/pokemon-form/462/,C:\Users\Demmi\Desktop\pokimon\poki_img\462.png
463,lickilicky,17,https://pokeapi.co/api/v2/pokemon-form/463/,C:\Users\Demmi\Desktop\pokimon\poki_img\463.png
464,rhyperior,24,https://pokeapi.co/api/v2/pokemon-form/464/,C:\Users\Demmi\Desktop\pokimon\poki_img\464.png
465,tangrowth,20,https://pokeapi.co/api/v2/pokemon-form/465/,C:\Users\Demmi\Desktop\pokimon\poki_img\465.png
466,electivire,18,https://pokeapi.co/api/v2/pokemon-form/466/,C:\Users\Demmi\Desktop\pokimon\poki_img\466.png
467,magmortar,16,https://pokeapi.co/api/v2/pokemon-form/467/,C:\Users\Demmi\Desktop\pokimon\poki_img\467.png
468,togekiss,15,https://pokeapi.co/api/v2/pokemon-form/468/,C:\Users\Demmi\Desktop\pokimon\poki_img\468.png
469,yanmega,19,https://pokeapi.co/api/v2/pokemon-form/469/,C:\Users\Demmi\Desktop\pokimon\poki_img\469.png
470,leafeon,10,https://pokeapi.co/api/v2/pokemon-form/470/,C:\Users\Demmi\Desktop\pokimon\poki_img\470.png
471,glaceon,8,https://pokeapi.co/api/v2/pokemon-form/471/,C:\Users\Demmi\Desktop\pokimon\poki_img\471.png
472,gliscor,20,https://pokeapi.co/api/v2/pokemon-form/472/,C:\Users\Demmi\Desktop\pokimon\poki_img\472.png
473,mamoswine,25,https://pokeapi.co/api/v2/pokemon-form/473/,C:\Users\Demmi\Desktop\pokimon\poki_img\473.png
474,porygon-z,9,https://pokeapi.co/api/v2/pokemon-form/474/,C:\Users\Demmi\Desktop\pokimon\poki_img\474.png
475,gallade,16,https://pokeapi.co/api/v2/pokemon-form/475/,C:\Users\Demmi\Desktop\pokimon\poki_img\475.png
476,probopass,14,https://pokeapi.co/api/v2/pokemon-form/476/,C:\Users\Demmi\Desktop\pokimon\poki_img\476.png
477,dusknoir,22,https://pokeapi.co/api/v2/pokemon-form/477/,C:\Users\Demmi\Desktop\pokimon\poki_img\477.png
478,froslass,13,https://pokeapi.co/api/v2/pokemon-form/478/,C:\Users\Demmi\Desktop\pokimon\poki_img\478.png
479,rotom,3,https://pokeapi.co/api/v2/pokemon-form/479/,C:\Users\Demmi\Desktop\pokimon\poki_img\479.png
480,uxie,3,https://pokeapi.co/api/v2/pokemon-form/480/,C:\Users\Demmi\Desktop\pokimon\poki_img\480.png
481,mesprit,3,https://pokeapi.co/api/v2/pokemon-form/481/,C:\Users\Demmi\Desktop\pokimon\poki_img\481.png
482,azelf,3,https://pokeapi.co/api/v2/pokemon-form/482/,C:\Users\Demmi\Desktop\pokimon\poki_img\482.png
483,dialga,54,https://pokeapi.co/api/v2/pokemon-form/483/,C:\Users\Demmi\Desktop\pokimon\poki_img\483.png
484,palkia,42,https://pokeapi.co/api/v2/pokemon-form/484/,C:\Users\Demmi\Desktop\pokimon\poki_img\484.png
485,heatran,17,https://pokeapi.co/api/v2/pokemon-form/485/,C:\Users\Demmi\Desktop\pokimon\poki_img\485.png
486,regigigas,37,https://pokeapi.co/api/v2/pokemon-form/486/,C:\Users\Demmi\Desktop\pokimon\poki_img\486.png
487,giratina-altered,45,https://pokeapi.co/api/v2/pokemon-form/487/,C:\Users\Demmi\Desktop\pokimon\poki_img\487.png
488,cresselia,15,https://pokeapi.co/api/v2/pokemon-form/488/,C:\Users\Demmi\Desktop\pokimon\poki_img\488.png
489,phione,4,https://pokeapi.co/api/v2/pokemon-form/489/,C:\Users\Demmi\Desktop\pokimon\poki_img\489.png
490,manaphy,3,https://pokeapi.co/api/v2/pokemon-form/490/,C:\Users\Demmi\Desktop\pokimon\poki_img\490.png
491,darkrai,15,https://pokeapi.co/api/v2/pokemon-form/491/,C:\Users\Demmi\Desktop\pokimon\poki_img\491.png
492,shaymin-land,2,https://pokeapi.co/api/v2/pokemon-form/492/,C:\Users\Demmi\Desktop\pokimon\poki_img\492.png
493,arceus-normal,32,https://pokeapi.co/api/v2/pokemon-form/493/,C:\Users\Demmi\Desktop\pokimon\poki_img\493.png
494,victini,4,https://pokeapi.co/api/v2/pokemon-form/494/,C:\Users\Demmi\Desktop\pokimon\poki_img\494.png
495,snivy,6,https://pokeapi.co/api/v2/pokemon-form/495/,C:\Users\Demmi\Desktop\pokimon\poki_img\495.png
496,servine,8,https://pokeapi.co/api/v2/pokemon-form/496/,C:\Users\Demmi\Desktop\pokimon\poki_img\496.png
497,serperior,33,https://pokeapi.co/api/v2/pokemon-form/497/,C:\Users\Demmi\Desktop\pokimon\poki_img\497.png
498,tepig,5,https://pokeapi.co/api/v2/pokemon-form/498/,C:\Users\Demmi\Desktop\pokimon\poki_img\498.png
499,pignite,10,https://pokeapi.co/api/v2/pokemon-form/499/,C:\Users\Demmi\Desktop\pokimon\poki_img\499.png
500,emboar,16,https://pokeapi.co/api/v2/pokemon-form/500/,C:\Users\Demmi\Desktop\pokimon\poki_img\500.png
501,oshawott,5,https://pokeapi.co/api/v2/pokemon-form/501/,C:\Users\Demmi\Desktop\pokimon\poki_img\501.png
502,dewott,8,https://pokeapi.co/api/v2/pokemon-form/502/,C:\Users\Demmi\Desktop\pokimon\poki_img\502.png
503,samurott,15,https://pokeapi.co/api/v2/pokemon-form/503/,C:\Users\Demmi\Desktop\pokimon\poki_img\503.png
504,patrat,5,https://pokeapi.co/api/v2/pokemon-form/504/,C:\Users\Demmi\Desktop\pokimon\poki_img\504.png
505,watchog,11,https://pokeapi.co/api/v2/pokemon-form/505/,C:\Users\Demmi\Desktop\pokimon\poki_img\505.png
506,lillipup,4,https://pokeapi.co/api/v2/pokemon-form/506/,C:\Users\Demmi\Desktop\pokimon\poki_img\506.png
507,herdier,9,https://pokeapi.co/api/v2/pokemon-form/507/,C:\Users\Demmi\Desktop\pokimon\poki_img\507.png
508,stoutland,12,https://pokeapi.co/api/v2/pokemon-form/508/,C:\Users\Demmi\Desktop\pokimon\poki_img\508.png
509,purrloin,4,https://pokeapi.co/api/v2/pokemon-form/509/,C:\Users\Demmi\Desktop\pokimon\poki_img\509.png
510,liepard,11,https://pokeapi.co/api/v2/pokemon-form/510/,C:\Users\Demmi\Desktop\pokimon\poki_img\510.png
511,pansage,6,https://pokeapi.co/api/v2/pokemon-form/511/,C:\Users\Demmi\Desktop\pokimon\poki_img\511.png
512,simisage,11,https://pokeapi.co/api/v2/pokemon-form/512/,C:\Users\Demmi\Desktop\pokimon\poki_img\512.png
513,pansear,6,https://pokeapi.co/api/v2/pokemon-form/513/,C:\Users\Demmi\Desktop\pokimon\poki_img\513.png
514,simisear,10,https://pokeapi.co/api/v2/pokemon-form/514/,C:\Users\Demmi\Desktop\pokimon\poki_img\514.png
515,panpour,6,https://pokeapi.co/api/v2/pokemon-form/515/,C:\Users\Demmi\Desktop\pokimon\poki_img\515.png
516,simipour,10,https://pokeapi.co/api/v2/pokemon-form/516/,C:\Users\Demmi\Desktop\pokimon\poki_img\516.png
517,munna,6,https://pokeapi.co/api/v2/pokemon-form/517/,C:\Users\Demmi\Desktop\pokimon\poki_img\517.png
518,musharna,11,https://pokeapi.co/api/v2/pokemon-form/518/,C:\Users\Demmi\Desktop\pokimon\poki_img\518.png
519,pidove,3,https://pokeapi.co/api/v2/pokemon-form/519/,C:\Users\Demmi\Desktop\pokimon\poki_img\519.png
520,tranquill,6,https://pokeapi.co/api/v2/pokemon-form/520/,C:\Users\Demmi\Desktop\pokimon\poki_img\520.png
521,unfezant,12,https://pokeapi.co/api/v2/pokemon-form/521/,C:\Users\Demmi\Desktop\pokimon\poki_img\521.png
522,blitzle,8,https://pokeapi.co/api/v2/pokemon-form/522/,C:\Users\Demmi\Desktop\pokimon\poki_img\522.png
523,zebstrika,16,https://pokeapi.co/api/v2/pokemon-form/523/,C:\Users\Demmi\Desktop\pokimon\poki_img\523.png
524,roggenrola,4,https://pokeapi.co/api/v2/pokemon-form/524/,C:\Users\Demmi\Desktop\pokimon\poki_img\524.png
525,boldore,9,https://pokeapi.co/api/v2/pokemon-form/525/,C:\Users\Demmi\Desktop\pokimon\poki_img\525.png
526,gigalith,17,https://pokeapi.co/api/v2/pokemon-form/526/,C:\Users\Demmi\Desktop\pokimon\poki_img\526.png
527,woobat,4,https://pokeapi.co/api/v2/pokemon-form/527/,C:\Users\Demmi\Desktop\pokimon\poki_img\527.png
528,swoobat,9,https://pokeapi.co/api/v2/pokemon-form/528/,C:\Users\Demmi\Desktop\pokimon\poki_img\528.png
529,drilbur,3,https://pokeapi.co/api/v2/pokemon-form/529/,C:\Users\Demmi\Desktop\pokimon\poki_img\529.png
530,excadrill,7,https://pokeapi.co/api/v2/pokemon-form/530/,C:\Users\Demmi\Desktop\pokimon\poki_img\530.png
531,audino,11,https://pokeapi.co/api/v2/pokemon-form/531/,C:\Users\Demmi\Desktop\pokimon\poki_img\531.png
532,timburr,6,https://pokeapi.co/api/v2/pokemon-form/532/,C:\Users\Demmi\Desktop\pokimon\poki_img\532.png
533,gurdurr,12,https://pokeapi.co/api/v2/pokemon-form/533/,C:\Users\Demmi\Desktop\pokimon\poki_img\533.png
534,conkeldurr,14,https://pokeapi.co/api/v2/pokemon-form/534/,C:\Users\Demmi\Desktop\pokimon\poki_img\534.png
535,tympole,5,https://pokeapi.co/api/v2/pokemon-form/535/,C:\Users\Demmi\Desktop\pokimon\poki_img\535.png
536,palpitoad,8,https://pokeapi.co/api/v2/pokemon-form/536/,C:\Users\Demmi\Desktop\pokimon\poki_img\536.png
537,seismitoad,15,https://pokeapi.co/api/v2/pokemon-form/537/,C:\Users\Demmi\Desktop\pokimon\poki_img\537.png
538,throh,13,https://pokeapi.co/api/v2/pokemon-form/538/,C:\Users\Demmi\Desktop\pokimon\poki_img\538.png
539,sawk,14,https://pokeapi.co/api/v2/pokemon-form/539/,C:\Users\Demmi\Desktop\pokimon\poki_img\539.png
540,sewaddle,3,https://pokeapi.co/api/v2/pokemon-form/540/,C:\Users\Demmi\Desktop\pokimon\poki_img\540.png
541,swadloon,5,https://pokeapi.co/api/v2/pokemon-form/541/,C:\Users\Demmi\Desktop\pokimon\poki_img\541.png
542,leavanny,12,https://pokeapi.co/api/v2/pokemon-form/542/,C:\Users\Demmi\Desktop\pokimon\poki_img\542.png
543,venipede,4,https://pokeapi.co/api/v2/pokemon-form/543/,C:\Users\Demmi\Desktop\pokimon\poki_img\543.png
544,whirlipede,12,https://pokeapi.co/api/v2/pokemon-form/544/,C:\Users\Demmi\Desktop\pokimon\poki_img\544.png
545,scolipede,25,https://pokeapi.co/api/v2/pokemon-form/545/,C:\Users\Demmi\Desktop\pokimon\poki_img\545.png
546,cottonee,3,https://pokeapi.co/api/v2/pokemon-form/546/,C:\Users\Demmi\Desktop\pokimon\poki_img\546.png
547,whimsicott,7,https://pokeapi.co/api/v2/pokemon-form/547/,C:\Users\Demmi\Desktop\pokimon\poki_img\547.png
548,petilil,5,https://pokeapi.co/api/v2/pokemon-form/548/,C:\Users\Demmi\Desktop\pokimon\poki_img\548.png
549,lilligant,11,https://pokeapi.co/api/v2/pokemon-form/549/,C:\Users\Demmi\Desktop\pokimon\poki_img\549.png
550,basculin-red-striped,10,https://pokeapi.co/api/v2/pokemon-form/550/,C:\Users\Demmi\Desktop\pokimon\poki_img\550.png
551,sandile,7,https://pokeapi.co/api/v2/pokemon-form/551/,C:\Users\Demmi\Desktop\pokimon\poki_img\551.png
552,krokorok,10,https://pokeapi.co/api/v2/pokemon-form/552/,C:\Users\Demmi\Desktop\pokimon\poki_img\552.png
553,krookodile,15,https://pokeapi.co/api/v2/pokemon-form/553/,C:\Users\Demmi\Desktop\pokimon\poki_img\553.png
554,darumaka,6,https://pokeapi.co/api/v2/pokemon-form/554/,C:\Users\Demmi\Desktop\pokimon\poki_img\554.png
555,darmanitan-standard,13,https://pokeapi.co/api/v2/pokemon-form/555/,C:\Users\Demmi\Desktop\pokimon\poki_img\555.png
556,maractus,10,https://pokeapi.co/api/v2/pokemon-form/556/,C:\Users\Demmi\Desktop\pokimon\poki_img\556.png
557,dwebble,3,https://pokeapi.co/api/v2/pokemon-form/557/,C:\Users\Demmi\Desktop\pokimon\poki_img\557.png
558,crustle,14,https://pokeapi.co/api/v2/pokemon-form/558/,C:\Users\Demmi\Desktop\pokimon\poki_img\558.png
559,scraggy,6,https://pokeapi.co/api/v2/pokemon-form/559/,C:\Users\Demmi\Desktop\pokimon\poki_img\559.png
560,scrafty,11,https://pokeapi.co/api/v2/pokemon-form/560/,C:\Users\Demmi\Desktop\pokimon\poki_img\560.png
561,sigilyph,14,https://pokeapi.co/api/v2/pokemon-form/561/,C:\Users\Demmi\Desktop\pokimon\poki_img\561.png
562,yamask,5,https://pokeapi.co/api/v2/pokemon-form/562/,C:\Users\Demmi\Desktop\pokimon\poki_img\562.png
563,cofagrigus,17,https://pokeapi.co/api/v2/pokemon-form/563/,C:\Users\Demmi\Desktop\pokimon\poki_img\563.png
564,tirtouga,7,https://pokeapi.co/api/v2/pokemon-form/564/,C:\Users\Demmi\Desktop\pokimon\poki_img\564.png
565,carracosta,12,https://pokeapi.co/api/v2/pokemon-form/565/,C:\Users\Demmi\Desktop\pokimon\poki_img\565.png
566,archen,5,https://pokeapi.co/api/v2/pokemon-form/566/,C:\Users\Demmi\Desktop\pokimon\poki_img\566.png
567,archeops,14,https://pokeapi.co/api/v2/pokemon-form/567/,C:\Users\Demmi\Desktop\pokimon\poki_img\567.png
568,trubbish,6,https://pokeapi.co/api/v2/pokemon-form/568/,C:\Users\Demmi\Desktop\pokimon\poki_img\568.png
569,garbodor,19,https://pokeapi.co/api/v2/pokemon-form/569/,C:\Users\Demmi\Desktop\pokimon\poki_img\569.png
570,zorua,7,https://pokeapi.co/api/v2/pokemon-form/570/,C:\Users\Demmi\Desktop\pokimon\poki_img\570.png
571,zoroark,16,https://pokeapi.co/api/v2/pokemon-form/571/,C:\Users\Demmi\Desktop\pokimon\poki_img\571.png
572,minccino,4,https://pokeapi.co/api/v2/pokemon-form/572/,C:\Users\Demmi\Desktop\pokimon\poki_img\572.png
573,cinccino,5,https://pokeapi.co/api/v2/pokemon-form/573/,C:\Users\Demmi\Desktop\pokimon\poki_img\573.png
574,gothita,4,https://pokeapi.co/api/v2/pokemon-form/574/,C:\Users\Demmi\Desktop\pokimon\poki_img\574.png
575,gothorita,7,https://pokeapi.co/api/v2/pokemon-form/575/,C:\Users\Demmi\Desktop\pokimon\poki_img\575.png
576,gothitelle,15,https://pokeapi.co/api/v2/pokemon-form/576/,C:\Users\Demmi\Desktop\pokimon\poki_img\576.png
577,solosis,3,https://pokeapi.co/api/v2/pokemon-form/577/,C:\Users\Demmi\Desktop\pokimon\poki_img\577.png
578,duosion,6,https://pokeapi.co/api/v2/pokemon-form/578/,C:\Users\Demmi\Desktop\pokimon\poki_img\578.png
579,reuniclus,10,https://pokeapi.co/api/v2/pokemon-form/579/,C:\Users\Demmi\Desktop\pokimon\poki_img\579.png
580,ducklett,5,https://pokeapi.co/api/v2/pokemon-form/580/,C:\Users\Demmi\Desktop\pokimon\poki_img\580.png
581,swanna,13,https://pokeapi.co/api/v2/pokemon-form/581/,C:\Users\Demmi\Desktop\pokimon\poki_img\581.png
582,vanillite,4,https://pokeapi.co/api/v2/pokemon-form/582/,C:\Users\Demmi\Desktop\pokimon\poki_img\582.png
583,vanillish,11,https://pokeapi.co/api/v2/pokemon-form/583/,C:\Users\Demmi\Desktop\pokimon\poki_img\583.png
584,vanilluxe,13,https://pokeapi.co/api/v2/pokemon-form/584/,C:\Users\Demmi\Desktop\pokimon\poki_img\584.png
585,deerling-spring,6,https://pokeapi.co/api/v2/pokemon-form/585/,C:\Users\Demmi\Desktop\pokimon\poki_img\585.png
586,sawsbuck-spring,19,https://pokeapi.co/api/v2/pokemon-form/586/,C:\Users\Demmi\Desktop\pokimon\poki_img\586.png
587,emolga,4,https://pokeapi.co/api/v2/pokemon-form/587/,C:\Users\Demmi\Desktop\pokimon\poki_img\587.png
588,karrablast,5,https://pokeapi.co/api/v2/pokemon-form/588/,C:\Users\Demmi\Desktop\pokimon\poki_img\588.png
589,escavalier,10,https://pokeapi.co/api/v2/pokemon-form/589/,C:\Users\Demmi\Desktop\pokimon\poki_img\589.png
590,foongus,2,https://pokeapi.co/api/v2/pokemon-form/590/,C:\Users\Demmi\Desktop\pokimon\poki_img\590.png
591,amoonguss,6,https://pokeapi.co/api/v2/pokemon-form/591/,C:\Users\Demmi\Desktop\pokimon\poki_img\591.png
592,frillish,12,https://pokeapi.co/api/v2/pokemon-form/592/,C:\Users\Demmi\Desktop\pokimon\poki_img\592.png
593,jellicent,22,https://pokeapi.co/api/v2/pokemon-form/593/,C:\Users\Demmi\Desktop\pokimon\poki_img\593.png
594,alomomola,12,https://pokeapi.co/api/v2/pokemon-form/594/,C:\Users\Demmi\Desktop\pokimon\poki_img\594.png
595,joltik,1,https://pokeapi.co/api/v2/pokemon-form/595/,C:\Users\Demmi\Desktop\pokimon\poki_img\595.png
596,galvantula,8,https://pokeapi.co/api/v2/pokemon-form/596/,C:\Users\Demmi\Desktop\pokimon\poki_img\596.png
597,ferroseed,6,https://pokeapi.co/api/v2/pokemon-form/597/,C:\Users\Demmi\Desktop\pokimon\poki_img\597.png
598,ferrothorn,10,https://pokeapi.co/api/v2/pokemon-form/598/,C:\Users\Demmi\Desktop\pokimon\poki_img\598.png
599,klink,3,https://pokeapi.co/api/v2/pokemon-form/599/,C:\Users\Demmi\Desktop\pokimon\poki_img\599.png
600,klang,6,https://pokeapi.co/api/v2/pokemon-form/600/,C:\Users\Demmi\Desktop\pokimon\poki_img\600.png
601,klinklang,6,https://pokeapi.co/api/v2/pokemon-form/601/,C:\Users\Demmi\Desktop\pokimon\poki_img\601.png
602,tynamo,2,https://pokeapi.co/api/v2/pokemon-form/602/,C:\Users\Demmi\Desktop\pokimon\poki_img\602.png
603,eelektrik,12,https://pokeapi.co/api/v2/pokemon-form/603/,C:\Users\Demmi\Desktop\pokimon\poki_img\603.png
604,eelektross,21,https://pokeapi.co/api/v2/pokemon-form/604/,C:\Users\Demmi\Desktop\pokimon\poki_img\604.png
605,elgyem,5,https://pokeapi.co/api/v2/pokemon-form/605/,C:\Users\Demmi\Desktop\pokimon\poki_img\605.png
606,beheeyem,10,https://pokeapi.co/api/v2/pokemon-form/606/,C:\Users\Demmi\Desktop\pokimon\poki_img\606.png
607,litwick,3,https://pokeapi.co/api/v2/pokemon-form/607/,C:\Users\Demmi\Desktop\pokimon\poki_img\607.png
608,lampent,6,https://pokeapi.co/api/v2/pokemon-form/608/,C:\Users\Demmi\Desktop\pokimon\poki_img\608.png
609,chandelure,10,https://pokeapi.co/api/v2/pokemon-form/609/,C:\Users\Demmi\Desktop\pokimon\poki_img\609.png
610,axew,6,https://pokeapi.co/api/v2/pokemon-form/610/,C:\Users\Demmi\Desktop\pokimon\poki_img\610.png
611,fraxure,10,https://pokeapi.co/api/v2/pokemon-form/611/,C:\Users\Demmi\Desktop\pokimon\poki_img\611.png
612,haxorus,18,https://pokeapi.co/api/v2/pokemon-form/612/,C:\Users\Demmi\Desktop\pokimon\poki_img\612.png
613,cubchoo,5,https://pokeapi.co/api/v2/pokemon-form/613/,C:\Users\Demmi\Desktop\pokimon\poki_img\613.png
614,beartic,26,https://pokeapi.co/api/v2/pokemon-form/614/,C:\Users\Demmi\Desktop\pokimon\poki_img\614.png
615,cryogonal,11,https://pokeapi.co/api/v2/pokemon-form/615/,C:\Users\Demmi\Desktop\pokimon\poki_img\615.png
616,shelmet,4,https://pokeapi.co/api/v2/pokemon-form/616/,C:\Users\Demmi\Desktop\pokimon\poki_img\616.png
617,accelgor,8,https://pokeapi.co/api/v2/pokemon-form/617/,C:\Users\Demmi\Desktop\pokimon\poki_img\617.png
618,stunfisk,7,https://pokeapi.co/api/v2/pokemon-form/618/,C:\Users\Demmi\Desktop\pokimon\poki_img\618.png
619,mienfoo,9,https://pokeapi.co/api/v2/pokemon-form/619/,C:\Users\Demmi\Desktop\pokimon\poki_img\619.png
620,mienshao,14,https://pokeapi.co/api/v2/pokemon-form/620/,C:\Users\Demmi\Desktop\pokimon\poki_img\620.png
621,druddigon,16,https://pokeapi.co/api/v2/pokemon-form/621/,C:\Users\Demmi\Desktop\pokimon\poki_img\621.png
622,golett,10,https://pokeapi.co/api/v2/pokemon-form/622/,C:\Users\Demmi\Desktop\pokimon\poki_img\622.png
623,golurk,28,https://pokeapi.co/api/v2/pokemon-form/623/,C:\Users\Demmi\Desktop\pokimon\poki_img\623.png
624,pawniard,5,https://pokeapi.co/api/v2/pokemon-form/624/,C:\Users\Demmi\Desktop\pokimon\poki_img\624.png
625,bisharp,16,https://pokeapi.co/api/v2/pokemon-form/625/,C:\Users\Demmi\Desktop\pokimon\poki_img\625.png
626,bouffalant,16,https://pokeapi.co/api/v2/pokemon-form/626/,C:\Users\Demmi\Desktop\pokimon\poki_img\626.png
627,rufflet,5,https://pokeapi.co/api/v2/pokemon-form/627/,C:\Users\Demmi\Desktop\pokimon\poki_img\627.png
628,braviary,15,https://pokeapi.co/api/v2/pokemon-form/628/,C:\Users\Demmi\Desktop\pokimon\poki_img\628.png
629,vullaby,5,https://pokeapi.co/api/v2/pokemon-form/629/,C:\Users\Demmi\Desktop\pokimon\poki_img\629.png
630,mandibuzz,12,https://pokeapi.co/api/v2/pokemon-form/630/,C:\Users\Demmi\Desktop\pokimon\poki_img\630.png
631,heatmor,14,https://pokeapi.co/api/v2/pokemon-form/631/,C:\Users\Demmi\Desktop\pokimon\poki_img\631.png
632,durant,3,https://pokeapi.co/api/v2/pokemon-form/632/,C:\Users\Demmi\Desktop\pokimon\poki_img\632.png
633,deino,8,https://pokeapi.co/api/v2/pokemon-form/633/,C:\Users\Demmi\Desktop\pokimon\poki_img\633.png
634,zweilous,14,https://pokeapi.co/api/v2/pokemon-form/634/,C:\Users\Demmi\Desktop\pokimon\poki_img\634.png
635,hydreigon,18,https://pokeapi.co/api/v2/pokemon-form/635/,C:\Users\Demmi\Desktop\pokimon\poki_img\635.png
636,larvesta,11,https://pokeapi.co/api/v2/pokemon-form/636/,C:\Users\Demmi\Desktop\pokimon\poki_img\636.png
637,volcarona,16,https://pokeapi.co/api/v2/pokemon-form/637/,C:\Users\Demmi\Desktop\pokimon\poki_img\637.png
638,cobalion,21,https://pokeapi.co/api/v2/pokemon-form/638/,C:\Users\Demmi\Desktop\pokimon\poki_img\638.png
639,terrakion,19,https://pokeapi.co/api/v2/pokemon-form/639/,C:\Users\Demmi\Desktop\pokimon\poki_img\639.png
640,virizion,20,https://pokeapi.co/api/v2/pokemon-form/640/,C:\Users\Demmi\Desktop\pokimon\poki_img\640.png
641,tornadus-incarnate,15,https://pokeapi.co/api/v2/pokemon-form/641/,C:\Users\Demmi\Desktop\pokimon\poki_img\641.png
642,thundurus-incarnate,15,https://pokeapi.co/api/v2/pokemon-form/642/,C:\Users\Demmi\Desktop\pokimon\poki_img\642.png
643,reshiram,32,https://pokeapi.co/api/v2/pokemon-form/643/,C:\Users\Demmi\Desktop\pokimon\poki_img\643.png
644,zekrom,29,https://pokeapi.co/api/v2/pokemon-form/644/,C:\Users\Demmi\Desktop\pokimon\poki_img\644.png
645,landorus-incarnate,15,https://pokeapi.co/api/v2/pokemon-form/645/,C:\Users\Demmi\Desktop\pokimon\poki_img\645.png
646,kyurem,30,https://pokeapi.co/api/v2/pokemon-form/646/,C:\Users\Demmi\Desktop\pokimon\poki_img\646.png
647,keldeo-ordinary,14,https://pokeapi.co/api/v2/pokemon-form/647/,C:\Users\Demmi\Desktop\pokimon\poki_img\647.png
648,meloetta-aria,6,https://pokeapi.co/api/v2/pokemon-form/648/,C:\Users\Demmi\Desktop\pokimon\poki_img\648.png
649,genesect,15,https://pokeapi.co/api/v2/pokemon-form/649/,C:\Users\Demmi\Desktop\pokimon\poki_img\649.png
650,chespin,4,https://pokeapi.co/api/v2/pokemon-form/650/,C:\Users\Demmi\Desktop\pokimon\poki_img\650.png
651,quilladin,7,https://pokeapi.co/api/v2/pokemon-form/651/,C:\Users\Demmi\Desktop\pokimon\poki_img\651.png
652,chesnaught,16,https://pokeapi.co/api/v2/pokemon-form/652/,C:\Users\Demmi\Desktop\pokimon\poki_img\652.png
653,fennekin,4,https://pokeapi.co/api/v2/pokemon-form/653/,C:\Users\Demmi\Desktop\pokimon\poki_img\653.png
654,braixen,10,https://pokeapi.co/api/v2/pokemon-form/654/,C:\Users\Demmi\Desktop\pokimon\poki_img\654.png
655,delphox,15,https://pokeapi.co/api/v2/pokemon-form/655/,C:\Users\Demmi\Desktop\pokimon\poki_img\655.png
656,froakie,3,https://pokeapi.co/api/v2/pokemon-form/656/,C:\Users\Demmi\Desktop\pokimon\poki_img\656.png
657,frogadier,6,https://pokeapi.co/api/v2/pokemon-form/657/,C:\Users\Demmi\Desktop\pokimon\poki_img\657.png
658,greninja,15,https://pokeapi.co/api/v2/pokemon-form/658/,C:\Users\Demmi\Desktop\pokimon\poki_img\658.png
659,bunnelby,4,https://pokeapi.co/api/v2/pokemon-form/659/,C:\Users\Demmi\Desktop\pokimon\poki_img\659.png
660,diggersby,10,https://pokeapi.co/api/v2/pokemon-form/660/,C:\Users\Demmi\Desktop\pokimon\poki_img\660.png
661,fletchling,3,https://pokeapi.co/api/v2/pokemon-form/661/,C:\Users\Demmi\Desktop\pokimon\poki_img\661.png
662,fletchinder,7,https://pokeapi.co/api/v2/pokemon-form/662/,C:\Users\Demmi\Desktop\pokimon\poki_img\662.png
663,talonflame,12,https://pokeapi.co/api/v2/pokemon-form/663/,C:\Users\Demmi\Desktop\pokimon\poki_img\663.png
664,scatterbug-icy-snow,3,https://pokeapi.co/api/v2/pokemon-form/664/,C:\Users\Demmi\Desktop\pokimon\poki_img\664.png
665,spewpa-icy-snow,3,https://pokeapi.co/api/v2/pokemon-form/665/,C:\Users\Demmi\Desktop\pokimon\poki_img\665.png
666,vivillon-meadow,12,https://pokeapi.co/api/v2/pokemon-form/666/,C:\Users\Demmi\Desktop\pokimon\poki_img\666.png
667,litleo,6,https://pokeapi.co/api/v2/pokemon-form/667/,C:\Users\Demmi\Desktop\pokimon\poki_img\667.png
668,pyroar,15,https://pokeapi.co/api/v2/pokemon-form/668/,C:\Users\Demmi\Desktop\pokimon\poki_img\668.png
669,flabebe-red,1,https://pokeapi.co/api/v2/pokemon-form/669/,C:\Users\Demmi\Desktop\pokimon\poki_img\669.png
670,floette-red,2,https://pokeapi.co/api/v2/pokemon-form/670/,C:\Users\Demmi\Desktop\pokimon\poki_img\670.png
671,florges-red,11,https://pokeapi.co/api/v2/pokemon-form/671/,C:\Users\Demmi\Desktop\pokimon\poki_img\671.png
672,skiddo,9,https://pokeapi.co/api/v2/pokemon-form/672/,C:\Users\Demmi\Desktop\pokimon\poki_img\672.png
673,gogoat,17,https://pokeapi.co/api/v2/pokemon-form/673/,C:\Users\Demmi\Desktop\pokimon\poki_img\673.png
674,pancham,6,https://pokeapi.co/api/v2/pokemon-form/674/,C:\Users\Demmi\Desktop\pokimon\poki_img\674.png
675,pangoro,21,https://pokeapi.co/api/v2/pokemon-form/675/,C:\Users\Demmi\Desktop\pokimon\poki_img\675.png
676,furfrou-natural,12,https://pokeapi.co/api/v2/pokemon-form/676/,C:\Users\Demmi\Desktop\pokimon\poki_img\676.png
677,espurr,3,https://pokeapi.co/api/v2/pokemon-form/677/,C:\Users\Demmi\Desktop\pokimon\poki_img\677.png
678,meowstic-male,6,https://pokeapi.co/api/v2/pokemon-form/678/,C:\Users\Demmi\Desktop\pokimon\poki_img\678.png
679,honedge,8,https://pokeapi.co/api/v2/pokemon-form/679/,C:\Users\Demmi\Desktop\pokimon\poki_img\679.png
680,doublade,8,https://pokeapi.co/api/v2/pokemon-form/680/,C:\Users\Demmi\Desktop\pokimon\poki_img\680.png
681,aegislash-shield,17,https://pokeapi.co/api/v2/pokemon-form/681/,C:\Users\Demmi\Desktop\pokimon\poki_img\681.png
682,spritzee,2,https://pokeapi.co/api/v2/pokemon-form/682/,C:\Users\Demmi\Desktop\pokimon\poki_img\682.png
683,aromatisse,8,https://pokeapi.co/api/v2/pokemon-form/683/,C:\Users\Demmi\Desktop\pokimon\poki_img\683.png
684,swirlix,4,https://pokeapi.co/api/v2/pokemon-form/684/,C:\Users\Demmi\Desktop\pokimon\poki_img\684.png
685,slurpuff,8,https://pokeapi.co/api/v2/pokemon-form/685/,C:\Users\Demmi\Desktop\pokimon\poki_img\685.png
686,inkay,4,https://pokeapi.co/api/v2/pokemon-form/686/,C:\Users\Demmi\Desktop\pokimon\poki_img\686.png
687,malamar,15,https://pokeapi.co/api/v2/pokemon-form/687/,C:\Users\Demmi\Desktop\pokimon\poki_img\687.png
688,binacle,5,https://pokeapi.co/api/v2/pokemon-form/688/,C:\Users\Demmi\Desktop\pokimon\poki_img\688.png
689,barbaracle,13,https://pokeapi.co/api/v2/pokemon-form/689/,C:\Users\Demmi\Desktop\pokimon\poki_img\689.png
690,skrelp,5,https://pokeapi.co/api/v2/pokemon-form/690/,C:\Users\Demmi\Desktop\pokimon\poki_img\690.png
691,dragalge,18,https://pokeapi.co/api/v2/pokemon-form/691/,C:\Users\Demmi\Desktop\pokimon\poki_img\691.png
692,clauncher,5,https://pokeapi.co/api/v2/pokemon-form/692/,C:\Users\Demmi\Desktop\pokimon\poki_img\692.png
693,clawitzer,13,https://pokeapi.co/api/v2/pokemon-form/693/,C:\Users\Demmi\Desktop\pokimon\poki_img\693.png
694,helioptile,5,https://pokeapi.co/api/v2/pokemon-form/694/,C:\Users\Demmi\Desktop\pokimon\poki_img\694.png
695,heliolisk,10,https://pokeapi.co/api/v2/pokemon-form/695/,C:\Users\Demmi\Desktop\pokimon\poki_img\695.png
696,tyrunt,8,https://pokeapi.co/api/v2/pokemon-form/696/,C:\Users\Demmi\Desktop\pokimon\poki_img\696.png
697,tyrantrum,25,https://pokeapi.co/api/v2/pokemon-form/697/,C:\Users\Demmi\Desktop\pokimon\poki_img\697.png
698,amaura,13,https://pokeapi.co/api/v2/pokemon-form/698/,C:\Users\Demmi\Desktop\pokimon\poki_img\698.png
699,aurorus,27,https://pokeapi.co/api/v2/pokemon-form/699/,C:\Users\Demmi\Desktop\pokimon\poki_img\699.png
700,sylveon,10,https://pokeapi.co/api/v2/pokemon-form/700/,C:\Users\Demmi\Desktop\pokimon\poki_img\700.png
701,hawlucha,8,https://pokeapi.co/api/v2/pokemon-form/701/,C:\Users\Demmi\Desktop\pokimon\poki_img\701.png
702,dedenne,2,https://pokeapi.co/api/v2/pokemon-form/702/,C:\Users\Demmi\Desktop\pokimon\poki_img\702.png
703,carbink,3,https://pokeapi.co/api/v2/pokemon-form/703/,C:\Users\Demmi\Desktop\pokimon\poki_img\703.png
704,goomy,3,https://pokeapi.co/api/v2/pokemon-form/704/,C:\Users\Demmi\Desktop\pokimon\poki_img\704.png
705,sliggoo,8,https://pokeapi.co/api/v2/pokemon-form/705/,C:\Users\Demmi\Desktop\pokimon\poki_img\705.png
706,goodra,20,https://pokeapi.co/api/v2/pokemon-form/706/,C:\Users\Demmi\Desktop\pokimon\poki_img\706.png
707,klefki,2,https://pokeapi.co/api/v2/pokemon-form/707/,C:\Users\Demmi\Desktop\pokimon\poki_img\707.png
708,phantump,4,https://pokeapi.co/api/v2/pokemon-form/708/,C:\Users\Demmi\Desktop\pokimon\poki_img\708.png
709,trevenant,15,https://pokeapi.co/api/v2/pokemon-form/709/,C:\Users\Demmi\Desktop\pokimon\poki_img\709.png
710,pumpkaboo-average,4,https://pokeapi.co/api/v2/pokemon-form/710/,C:\Users\Demmi\Desktop\pokimon\poki_img\710.png
711,gourgeist-average,9,https://pokeapi.co/api/v2/pokemon-form/711/,C:\Users\Demmi\Desktop\pokimon\poki_img\711.png
712,bergmite,10,https://pokeapi.co/api/v2/pokemon-form/712/,C:\Users\Demmi\Desktop\pokimon\poki_img\712.png
713,avalugg,20,https://pokeapi.co/api/v2/pokemon-form/713/,C:\Users\Demmi\Desktop\pokimon\poki_img\713.png
714,noibat,5,https://pokeapi.co/api/v2/pokemon-form/714/,C:\Users\Demmi\Desktop\pokimon\poki_img\714.png
715,noivern,15,https://pokeapi.co/api/v2/pokemon-form/715/,C:\Users\Demmi\Desktop\pokimon\poki_img\715.png
716,xerneas-active,30,https://pokeapi.co/api/v2/pokemon-form/716/,C:\Users\Demmi\Desktop\pokimon\poki_img\716.png
717,yveltal,58,https://pokeapi.co/api/v2/pokemon-form/717/,C:\Users\Demmi\Desktop\pokimon\poki_img\717.png
718,zygarde,50,https://pokeapi.co/api/v2/pokemon-form/718/,C:\Users\Demmi\Desktop\pokimon\poki_img\718.png
719,diancie,7,https://pokeapi.co/api/v2/pokemon-form/719/,C:\Users\Demmi\Desktop\pokimon\poki_img\719.png
720,hoopa,5,https://pokeapi.co/api/v2/pokemon-form/720/,C:\Users\Demmi\Desktop\pokimon\poki_img\720.png
721,volcanion,17,https://pokeapi.co/api/v2/pokemon-form/721/,C:\Users\Demmi\Desktop\pokimon\poki_img\721.png
722,rowlet,3,https://pokeapi.co/api/v2/pokemon-form/722/,C:\Users\Demmi\Desktop\pokimon\poki_img\722.png
723,dartrix,7,https://pokeapi.co/api/v2/pokemon-form/723/,C:\Users\Demmi\Desktop\pokimon\poki_img\723.png
724,decidueye,16,https://pokeapi.co/api/v2/pokemon-form/724/,C:\Users\Demmi\Desktop\pokimon\poki_img\724.png
725,litten,4,https://pokeapi.co/api/v2/pokemon-form/725/,C:\Users\Demmi\Desktop\pokimon\poki_img\725.png
726,torracat,7,https://pokeapi.co/api/v2/pokemon-form/726/,C:\Users\Demmi\Desktop\pokimon\poki_img\726.png
727,incineroar,18,https://pokeapi.co/api/v2/pokemon-form/727/,C:\Users\Demmi\Desktop\pokimon\poki_img\727.png
728,popplio,4,https://pokeapi.co/api/v2/pokemon-form/728/,C:\Users\Demmi\Desktop\pokimon\poki_img\728.png
729,brionne,6,https://pokeapi.co/api/v2/pokemon-form/729/,C:\Users\Demmi\Desktop\pokimon\poki_img\729.png
730,primarina,18,https://pokeapi.co/api/v2/pokemon-form/730/,C:\Users\Demmi\Desktop\pokimon\poki_img\730.png
731,pikipek,3,https://pokeapi.co/api/v2/pokemon-form/731/,C:\Users\Demmi\Desktop\pokimon\poki_img\731.png
732,trumbeak,6,https://pokeapi.co/api/v2/pokemon-form/732/,C:\Users\Demmi\Desktop\pokimon\poki_img\732.png
733,toucannon,11,https://pokeapi.co/api/v2/pokemon-form/733/,C:\Users\Demmi\Desktop\pokimon\poki_img\733.png
734,yungoos,4,https://pokeapi.co/api/v2/pokemon-form/734/,C:\Users\Demmi\Desktop\pokimon\poki_img\734.png
735,gumshoos,7,https://pokeapi.co/api/v2/pokemon-form/735/,C:\Users\Demmi\Desktop\pokimon\poki_img\735.png
736,grubbin,4,https://pokeapi.co/api/v2/pokemon-form/736/,C:\Users\Demmi\Desktop\pokimon\poki_img\736.png
737,charjabug,5,https://pokeapi.co/api/v2/pokemon-form/737/,C:\Users\Demmi\Desktop\pokimon\poki_img\737.png
738,vikavolt,15,https://pokeapi.co/api/v2/pokemon-form/738/,C:\Users\Demmi\Desktop\pokimon\poki_img\738.png
739,crabrawler,6,https://pokeapi.co/api/v2/pokemon-form/739/,C:\Users\Demmi\Desktop\pokimon\poki_img\739.png
740,crabominable,17,https://pokeapi.co/api/v2/pokemon-form/740/,C:\Users\Demmi\Desktop\pokimon\poki_img\740.png
741,oricorio-baile,6,https://pokeapi.co/api/v2/pokemon-form/741/,C:\Users\Demmi\Desktop\pokimon\poki_img\741.png
742,cutiefly,1,https://pokeapi.co/api/v2/pokemon-form/742/,C:\Users\Demmi\Desktop\pokimon\poki_img\742.png
743,ribombee,2,https://pokeapi.co/api/v2/pokemon-form/743/,C:\Users\Demmi\Desktop\pokimon\poki_img\743.png
744,rockruff,5,https://pokeapi.co/api/v2/pokemon-form/744/,C:\Users\Demmi\Desktop\pokimon\poki_img\744.png
745,lycanroc-midday,8,https://pokeapi.co/api/v2/pokemon-form/745/,C:\Users\Demmi\Desktop\pokimon\poki_img\745.png
746,wishiwashi-solo,2,https://pokeapi.co/api/v2/pokemon-form/746/,C:\Users\Demmi\Desktop\pokimon\poki_img\746.png
747,mareanie,4,https://pokeapi.co/api/v2/pokemon-form/747/,C:\Users\Demmi\Desktop\pokimon\poki_img\747.png
748,toxapex,7,https://pokeapi.co/api/v2/pokemon-form/748/,C:\Users\Demmi\Desktop\pokimon\poki_img\748.png
749,mudbray,10,https://pokeapi.co/api/v2/pokemon-form/749/,C:\Users\Demmi\Desktop\pokimon\poki_img\749.png
750,mudsdale,25,https://pokeapi.co/api/v2/pokemon-form/750/,C:\Users\Demmi\Desktop\pokimon\poki_img\750.png
751,dewpider,3,https://pokeapi.co/api/v2/pokemon-form/751/,C:\Users\Demmi\Desktop\pokimon\poki_img\751.png
752,araquanid,18,https://pokeapi.co/api/v2/pokemon-form/752/,C:\Users\Demmi\Desktop\pokimon\poki_img\752.png
753,fomantis,3,https://pokeapi.co/api/v2/pokemon-form/753/,C:\Users\Demmi\Desktop\pokimon\poki_img\753.png
754,lurantis,9,https://pokeapi.co/api/v2/pokemon-form/754/,C:\Users\Demmi\Desktop\pokimon\poki_img\754.png
755,morelull,2,https://pokeapi.co/api/v2/pokemon-form/755/,C:\Users\Demmi\Desktop\pokimon\poki_img\755.png
756,shiinotic,10,https://pokeapi.co/api/v2/pokemon-form/756/,C:\Users\Demmi\Desktop\pokimon\poki_img\756.png
757,salandit,6,https://pokeapi.co/api/v2/pokemon-form/757/,C:\Users\Demmi\Desktop\pokimon\poki_img\757.png
758,salazzle,12,https://pokeapi.co/api/v2/pokemon-form/758/,C:\Users\Demmi\Desktop\pokimon\poki_img\758.png
759,stufful,5,https://pokeapi.co/api/v2/pokemon-form/759/,C:\Users\Demmi\Desktop\pokimon\poki_img\759.png
760,bewear,21,https://pokeapi.co/api/v2/pokemon-form/760/,C:\Users\Demmi\Desktop\pokimon\poki_img\760.png
761,bounsweet,3,https://pokeapi.co/api/v2/pokemon-form/761/,C:\Users\Demmi\Desktop\pokimon\poki_img\761.png
762,steenee,7,https://pokeapi.co/api/v2/pokemon-form/762/,C:\Users\Demmi\Desktop\pokimon\poki_img\762.png
763,tsareena,12,https://pokeapi.co/api/v2/pokemon-form/763/,C:\Users\Demmi\Desktop\pokimon\poki_img\763.png
764,comfey,1,https://pokeapi.co/api/v2/pokemon-form/764/,C:\Users\Demmi\Desktop\pokimon\poki_img\764.png
765,oranguru,15,https://pokeapi.co/api/v2/pokemon-form/765/,C:\Users\Demmi\Desktop\pokimon\poki_img\765.png
766,passimian,20,https://pokeapi.co/api/v2/pokemon-form/766/,C:\Users\Demmi\Desktop\pokimon\poki_img\766.png
767,wimpod,5,https://pokeapi.co/api/v2/pokemon-form/767/,C:\Users\Demmi\Desktop\pokimon\poki_img\767.png
768,golisopod,20,https://pokeapi.co/api/v2/pokemon-form/768/,C:\Users\Demmi\Desktop\pokimon\poki_img\768.png
769,sandygast,5,https://pokeapi.co/api/v2/pokemon-form/769/,C:\Users\Demmi\Desktop\pokimon\poki_img\769.png
770,palossand,13,https://pokeapi.co/api/v2/pokemon-form/770/,C:\Users\Demmi\Desktop\pokimon\poki_img\770.png
771,pyukumuku,3,https://pokeapi.co/api/v2/pokemon-form/771/,C:\Users\Demmi\Desktop\pokimon\poki_img\771.png
772,type-null,19,https://pokeapi.co/api/v2/pokemon-form/772/,C:\Users\Demmi\Desktop\pokimon\poki_img\772.png
773,silvally-normal,23,https://pokeapi.co/api/v2/pokemon-form/773/,C:\Users\Demmi\Desktop\pokimon\poki_img\773.png
774,minior-red-meteor,3,https://pokeapi.co/api/v2/pokemon-form/774/,C:\Users\Demmi\Desktop\pokimon\poki_img\774.png
775,komala,4,https://pokeapi.co/api/v2/pokemon-form/775/,C:\Users\Demmi\Desktop\pokimon\poki_img\775.png
776,turtonator,20,https://pokeapi.co/api/v2/pokemon-form/776/,C:\Users\Demmi\Desktop\pokimon\poki_img\776.png
777,togedemaru,3,https://pokeapi.co/api/v2/pokemon-form/777/,C:\Users\Demmi\Desktop\pokimon\poki_img\777.png
778,mimikyu-disguised,2,https://pokeapi.co/api/v2/pokemon-form/778/,C:\Users\Demmi\Desktop\pokimon\poki_img\778.png
779,bruxish,9,https://pokeapi.co/api/v2/pokemon-form/779/,C:\Users\Demmi\Desktop\pokimon\poki_img\779.png
780,drampa,30,https://pokeapi.co/api/v2/pokemon-form/780/,C:\Users\Demmi\Desktop\pokimon\poki_img\780.png
781,dhelmise,39,https://pokeapi.co/api/v2/pokemon-form/781/,C:\Users\Demmi\Desktop\pokimon\poki_img\781.png
782,jangmo-o,6,https://pokeapi.co/api/v2/pokemon-form/782/,C:\Users\Demmi\Desktop\pokimon\poki_img\782.png
783,hakamo-o,12,https://pokeapi.co/api/v2/pokemon-form/783/,C:\Users\Demmi\Desktop\pokimon\poki_img\783.png
784,kommo-o,16,https://pokeapi.co/api/v2/pokemon-form/784/,C:\Users\Demmi\Desktop\pokimon\poki_img\784.png
785,tapu-koko,18,https://pokeapi.co/api/v2/pokemon-form/785/,C:\Users\Demmi\Desktop\pokimon\poki_img\785.png
786,tapu-lele,12,https://pokeapi.co/api/v2/pokemon-form/786/,C:\Users\Demmi\Desktop\pokimon\poki_img\786.png
787,tapu-bulu,19,https://pokeapi.co/api/v2/pokemon-form/787/,C:\Users\Demmi\Desktop\pokimon\poki_img\787.png
788,tapu-fini,13,https://pokeapi.co/api/v2/pokemon-form/788/,C:\Users\Demmi\Desktop\pokimon\poki_img\788.png
789,cosmog,2,https://pokeapi.co/api/v2/pokemon-form/789/,C:\Users\Demmi\Desktop\pokimon\poki_img\789.png
790,cosmoem,1,https://pokeapi.co/api/v2/pokemon-form/790/,C:\Users\Demmi\Desktop\pokimon\poki_img\790.png
791,solgaleo,34,https://pokeapi.co/api/v2/pokemon-form/791/,C:\Users\Demmi\Desktop\pokimon\poki_img\791.png
792,lunala,40,https://pokeapi.co/api/v2/pokemon-form/792/,C:\Users\Demmi\Desktop\pokimon\poki_img\792.png
793,nihilego,12,https://pokeapi.co/api/v2/pokemon-form/793/,C:\Users\Demmi\Desktop\pokimon\poki_img\793.png
794,buzzwole,24,https://pokeapi.co/api/v2/pokemon-form/794/,C:\Users\Demmi\Desktop\pokimon\poki_img\794.png
795,pheromosa,18,https://pokeapi.co/api/v2/pokemon-form/795/,C:\Users\Demmi\Desktop\pokimon\poki_img\795.png
796,xurkitree,38,https://pokeapi.co/api/v2/pokemon-form/796/,C:\Users\Demmi\Desktop\pokimon\poki_img\796.png
797,celesteela,92,https://pokeapi.co/api/v2/pokemon-form/797/,C:\Users\Demmi\Desktop\pokimon\poki_img\797.png
798,kartana,3,https://pokeapi.co/api/v2/pokemon-form/798/,C:\Users\Demmi\Desktop\pokimon\poki_img\798.png
799,guzzlord,55,https://pokeapi.co/api/v2/pokemon-form/799/,C:\Users\Demmi\Desktop\pokimon\poki_img\799.png
800,necrozma,24,https://pokeapi.co/api/v2/pokemon-form/800/,C:\Users\Demmi\Desktop\pokimon\poki_img\800.png
801,magearna,10,https://pokeapi.co/api/v2/pokemon-form/801/,C:\Users\Demmi\Desktop\pokimon\poki_img\801.png
802,marshadow,7,https://pokeapi.co/api/v2/pokemon-form/802/,C:\Users\Demmi\Desktop\pokimon\poki_img\802.png
803,poipole,6,https://pokeapi.co/api/v2/pokemon-form/803/,C:\Users\Demmi\Desktop\pokimon\poki_img\803.png
804,naganadel,36,https://pokeapi.co/api/v2/pokemon-form/804/,C:\Users\Demmi\Desktop\pokimon\poki_img\804.png
805,stakataka,55,https://pokeapi.co/api/v2/pokemon-form/805/,C:\Users\Demmi\Desktop\pokimon\poki_img\805.png
806,blacephalon,18,https://pokeapi.co/api/v2/pokemon-form/806/,C:\Users\Demmi\Desktop\pokimon\poki_img\806.png
807,zeraora,15,https://pokeapi.co/api/v2/pokemon-form/807/,C:\Users\Demmi\Desktop\pokimon\poki_img\807.png
808,meltan,2,https://pokeapi.co/api/v2/pokemon-form/808/,C:\Users\Demmi\Desktop\pokimon\poki_img\808.png
809,melmetal,25,https://pokeapi.co/api/v2/pokemon-form/809/,C:\Users\Demmi\Desktop\pokimon\poki_img\809.png
810,grookey,3,https://pokeapi.co/api/v2/pokemon-form/810/,C:\Users\Demmi\Desktop\pokimon\poki_img\810.png
811,thwackey,7,https://pokeapi.co/api/v2/pokemon-form/811/,C:\Users\Demmi\Desktop\pokimon\poki_img\811.png
812,rillaboom,21,https://pokeapi.co/api/v2/pokemon-form/812/,C:\Users\Demmi\Desktop\pokimon\poki_img\812.png
813,scorbunny,3,https://pokeapi.co/api/v2/pokemon-form/813/,C:\Users\Demmi\Desktop\pokimon\poki_img\813.png
814,raboot,6,https://pokeapi.co/api/v2/pokemon-form/814/,C:\Users\Demmi\Desktop\pokimon\poki_img\814.png
815,cinderace,14,https://pokeapi.co/api/v2/pokemon-form/815/,C:\Users\Demmi\Desktop\pokimon\poki_img\815.png
816,sobble,3,https://pokeapi.co/api/v2/pokemon-form/816/,C:\Users\Demmi\Desktop\pokimon\poki_img\816.png
817,drizzile,7,https://pokeapi.co/api/v2/pokemon-form/817/,C:\Users\Demmi\Desktop\pokimon\poki_img\817.png
818,inteleon,19,https://pokeapi.co/api/v2/pokemon-form/818/,C:\Users\Demmi\Desktop\pokimon\poki_img\818.png
819,skwovet,3,https://pokeapi.co/api/v2/pokemon-form/819/,C:\Users\Demmi\Desktop\pokimon\poki_img\819.png
820,greedent,6,https://pokeapi.co/api/v2/pokemon-form/820/,C:\Users\Demmi\Desktop\pokimon\poki_img\820.png
821,rookidee,2,https://pokeapi.co/api/v2/pokemon-form/821/,C:\Users\Demmi\Desktop\pokimon\poki_img\821.png
822,corvisquire,8,https://pokeapi.co/api/v2/pokemon-form/822/,C:\Users\Demmi\Desktop\pokimon\poki_img\822.png
823,corviknight,22,https://pokeapi.co/api/v2/pokemon-form/823/,C:\Users\Demmi\Desktop\pokimon\poki_img\823.png
824,blipbug,4,https://pokeapi.co/api/v2/pokemon-form/824/,C:\Users\Demmi\Desktop\pokimon\poki_img\824.png
825,dottler,4,https://pokeapi.co/api/v2/pokemon-form/825/,C:\Users\Demmi\Desktop\pokimon\poki_img\825.png
826,orbeetle,4,https://pokeapi.co/api/v2/pokemon-form/826/,C:\Users\Demmi\Desktop\pokimon\poki_img\826.png
827,nickit,6,https://pokeapi.co/api/v2/pokemon-form/827/,C:\Users\Demmi\Desktop\pokimon\poki_img\827.png
828,thievul,12,https://pokeapi.co/api/v2/pokemon-form/828/,C:\Users\Demmi\Desktop\pokimon\poki_img\828.png
829,gossifleur,4,https://pokeapi.co/api/v2/pokemon-form/829/,C:\Users\Demmi\Desktop\pokimon\poki_img\829.png
830,eldegoss,5,https://pokeapi.co/api/v2/pokemon-form/830/,C:\Users\Demmi\Desktop\pokimon\poki_img\830.png
831,wooloo,6,https://pokeapi.co/api/v2/pokemon-form/831/,C:\Users\Demmi\Desktop\pokimon\poki_img\831.png
832,dubwool,13,https://pokeapi.co/api/v2/pokemon-form/832/,C:\Users\Demmi\Desktop\pokimon\poki_img\832.png
833,chewtle,3,https://pokeapi.co/api/v2/pokemon-form/833/,C:\Users\Demmi\Desktop\pokimon\poki_img\833.png
834,drednaw,10,https://pokeapi.co/api/v2/pokemon-form/834/,C:\Users\Demmi\Desktop\pokimon\poki_img\834.png
835,yamper,3,https://pokeapi.co/api/v2/pokemon-form/835/,C:\Users\Demmi\Desktop\pokimon\poki_img\835.png
836,boltund,10,https://pokeapi.co/api/v2/pokemon-form/836/,C:\Users\Demmi\Desktop\pokimon\poki_img\836.png
837,rolycoly,3,https://pokeapi.co/api/v2/pokemon-form/837/,C:\Users\Demmi\Desktop\pokimon\poki_img\837.png
838,carkol,11,https://pokeapi.co/api/v2/pokemon-form/838/,C:\Users\Demmi\Desktop\pokimon\poki_img\838.png
839,coalossal,28,https://pokeapi.co/api/v2/pokemon-form/839/,C:\Users\Demmi\Desktop\pokimon\poki_img\839.png
840,applin,2,https://pokeapi.co/api/v2/pokemon-form/840/,C:\Users\Demmi\Desktop\pokimon\poki_img\840.png
841,flapple,3,https://pokeapi.co/api/v2/pokemon-form/841/,C:\Users\Demmi\Desktop\pokimon\poki_img\841.png
842,appletun,4,https://pokeapi.co/api/v2/pokemon-form/842/,C:\Users\Demmi\Desktop\pokimon\poki_img\842.png
843,silicobra,22,https://pokeapi.co/api/v2/pokemon-form/843/,C:\Users\Demmi\Desktop\pokimon\poki_img\843.png
844,sandaconda,38,https://pokeapi.co/api/v2/pokemon-form/844/,C:\Users\Demmi\Desktop\pokimon\poki_img\844.png
845,cramorant,8,https://pokeapi.co/api/v2/pokemon-form/845/,C:\Users\Demmi\Desktop\pokimon\poki_img\845.png
846,arrokuda,5,https://pokeapi.co/api/v2/pokemon-form/846/,C:\Users\Demmi\Desktop\pokimon\poki_img\846.png
847,barraskewda,13,https://pokeapi.co/api/v2/pokemon-form/847/,C:\Users\Demmi\Desktop\pokimon\poki_img\847.png
848,toxel,4,https://pokeapi.co/api/v2/pokemon-form/848/,C:\Users\Demmi\Desktop\pokimon\poki_img\848.png
849,toxtricity-amped,16,https://pokeapi.co/api/v2/pokemon-form/849/,C:\Users\Demmi\Desktop\pokimon\poki_img\849.png
850,sizzlipede,7,https://pokeapi.co/api/v2/pokemon-form/850/,C:\Users\Demmi\Desktop\pokimon\poki_img\850.png
851,centiskorch,30,https://pokeapi.co/api/v2/pokemon-form/851/,C:\Users\Demmi\Desktop\pokimon\poki_img\851.png
852,clobbopus,6,https://pokeapi.co/api/v2/pokemon-form/852/,C:\Users\Demmi\Desktop\pokimon\poki_img\852.png
853,grapploct,16,https://pokeapi.co/api/v2/pokemon-form/853/,C:\Users\Demmi\Desktop\pokimon\poki_img\853.png
854,sinistea-phony,1,https://pokeapi.co/api/v2/pokemon-form/854/,C:\Users\Demmi\Desktop\pokimon\poki_img\854.png
855,polteageist-phony,2,https://pokeapi.co/api/v2/pokemon-form/855/,C:\Users\Demmi\Desktop\pokimon\poki_img\855.png
856,hatenna,4,https://pokeapi.co/api/v2/pokemon-form/856/,C:\Users\Demmi\Desktop\pokimon\poki_img\856.png
857,hattrem,6,https://pokeapi.co/api/v2/pokemon-form/857/,C:\Users\Demmi\Desktop\pokimon\poki_img\857.png
858,hatterene,21,https://pokeapi.co/api/v2/pokemon-form/858/,C:\Users\Demmi\Desktop\pokimon\poki_img\858.png
859,impidimp,4,https://pokeapi.co/api/v2/pokemon-form/859/,C:\Users\Demmi\Desktop\pokimon\poki_img\859.png
860,morgrem,8,https://pokeapi.co/api/v2/pokemon-form/860/,C:\Users\Demmi\Desktop\pokimon\poki_img\860.png
861,grimmsnarl,15,https://pokeapi.co/api/v2/pokemon-form/861/,C:\Users\Demmi\Desktop\pokimon\poki_img\861.png
862,obstagoon,16,https://pokeapi.co/api/v2/pokemon-form/862/,C:\Users\Demmi\Desktop\pokimon\poki_img\862.png
863,perrserker,8,https://pokeapi.co/api/v2/pokemon-form/863/,C:\Users\Demmi\Desktop\pokimon\poki_img\863.png
864,cursola,10,https://pokeapi.co/api/v2/pokemon-form/864/,C:\Users\Demmi\Desktop\pokimon\poki_img\864.png
865,sirfetchd,8,https://pokeapi.co/api/v2/pokemon-form/865/,C:\Users\Demmi\Desktop\pokimon\poki_img\865.png
866,mr-rime,15,https://pokeapi.co/api/v2/pokemon-form/866/,C:\Users\Demmi\Desktop\pokimon\poki_img\866.png
867,runerigus,16,https://pokeapi.co/api/v2/pokemon-form/867/,C:\Users\Demmi\Desktop\pokimon\poki_img\867.png
868,milcery,2,https://pokeapi.co/api/v2/pokemon-form/868/,C:\Users\Demmi\Desktop\pokimon\poki_img\868.png
869,alcremie,3,https://pokeapi.co/api/v2/pokemon-form/869/,C:\Users\Demmi\Desktop\pokimon\poki_img\869.png
870,falinks,30,https://pokeapi.co/api/v2/pokemon-form/870/,C:\Users\Demmi\Desktop\pokimon\poki_img\870.png
871,pincurchin,3,https://pokeapi.co/api/v2/pokemon-form/871/,C:\Users\Demmi\Desktop\pokimon\poki_img\871.png
872,snom,3,https://pokeapi.co/api/v2/pokemon-form/872/,C:\Users\Demmi\Desktop\pokimon\poki_img\872.png
873,frosmoth,13,https://pokeapi.co/api/v2/pokemon-form/873/,C:\Users\Demmi\Desktop\pokimon\poki_img\873.png
874,stonjourner,25,https://pokeapi.co/api/v2/pokemon-form/874/,C:\Users\Demmi\Desktop\pokimon\poki_img\874.png
875,eiscue-ice,14,https://pokeapi.co/api/v2/pokemon-form/875/,C:\Users\Demmi\Desktop\pokimon\poki_img\875.png
876,indeedee-male,9,https://pokeapi.co/api/v2/pokemon-form/876/,C:\Users\Demmi\Desktop\pokimon\poki_img\876.png
877,morpeko-full-belly,3,https://pokeapi.co/api/v2/pokemon-form/877/,C:\Users\Demmi\Desktop\pokimon\poki_img\877.png
878,cufant,12,https://pokeapi.co/api/v2/pokemon-form/878/,C:\Users\Demmi\Desktop\pokimon\poki_img\878.png
879,copperajah,30,https://pokeapi.co/api/v2/pokemon-form/879/,C:\Users\Demmi\Desktop\pokimon\poki_img\879.png
880,dracozolt,18,https://pokeapi.co/api/v2/pokemon-form/880/,C:\Users\Demmi\Desktop\pokimon\poki_img\880.png
881,arctozolt,23,https://pokeapi.co/api/v2/pokemon-form/881/,C:\Users\Demmi\Desktop\pokimon\poki_img\881.png
882,dracovish,23,https://pokeapi.co/api/v2/pokemon-form/882/,C:\Users\Demmi\Desktop\pokimon\poki_img\882.png
883,arctovish,20,https://pokeapi.co/api/v2/pokemon-form/883/,C:\Users\Demmi\Desktop\pokimon\poki_img\883.png
884,duraludon,18,https://pokeapi.co/api/v2/pokemon-form/884/,C:\Users\Demmi\Desktop\pokimon\poki_img\884.png
885,dreepy,5,https://pokeapi.co/api/v2/pokemon-form/885/,C:\Users\Demmi\Desktop\pokimon\poki_img\885.png
886,drakloak,14,https://pokeapi.co/api/v2/pokemon-form/886/,C:\Users\Demmi\Desktop\pokimon\poki_img\886.png
887,dragapult,30,https://pokeapi.co/api/v2/pokemon-form/887/,C:\Users\Demmi\Desktop\pokimon\poki_img\887.png
888,zacian-hero,28,https://pokeapi.co/api/v2/pokemon-form/888/,C:\Users\Demmi\Desktop\pokimon\poki_img\888.png
889,zamazenta-hero,29,https://pokeapi.co/api/v2/pokemon-form/889/,C:\Users\Demmi\Desktop\pokimon\poki_img\889.png
890,eternatus,200,https://pokeapi.co/api/v2/pokemon-form/890/,C:\Users\Demmi\Desktop\pokimon\poki_img\890.png
891,kubfu,6,https://pokeapi.co/api/v2/pokemon-form/891/,C:\Users\Demmi\Desktop\pokimon\poki_img\891.png
892,urshifu-single-strike,19,https://pokeapi.co/api/v2/pokemon-form/892/,C:\Users\Demmi\Desktop\pokimon\poki_img\892.png
893,zarude,18,https://pokeapi.co/api/v2/pokemon-form/893/,C:\Users\Demmi\Desktop\pokimon\poki_img\893.png
894,regieleki,12,https://pokeapi.co/api/v2/pokemon-form/894/,C:\Users\Demmi\Desktop\pokimon\poki_img\894.png
895,regidrago,21,https://pokeapi.co/api/v2/pokemon-form/895/,C:\Users\Demmi\Desktop\pokimon\poki_img\895.png
896,glastrier,22,https://pokeapi.co/api/v2/pokemon-form/896/,C:\Users\Demmi\Desktop\pokimon\poki_img\896.png
897,spectrier,20,https://pokeapi.co/api/v2/pokemon-form/897/,C:\Users\Demmi\Desktop\pokimon\poki_img\897.png
898,calyrex,11,https://pokeapi.co/api/v2/pokemon-form/898/,C:\Users\Demmi\Desktop\pokimon\poki_img\898.png
